DC_red,AC_red,(AC/DC)_red,DC_ir,AC_ir,(AC/DC)_ir,SpO2
107.0599961,0.176877287,0.001652132,139.4787539,0.338542334,0.002427196,97.17944927
107.0558862,0.154434744,0.001442562,139.4314111,0.322807544,0.002315171,97.17946417
107.0279351,0.145250416,0.001357126,139.3637791,0.312188603,0.002240099,97.1794513
106.9893669,0.139397739,0.001302912,139.2904594,0.306499412,0.002200434,97.17947026
106.9607139,0.137596599,0.001286422,139.2314342,0.30148274,0.002165335,97.17948638
106.9743569,0.126898097,0.001186248,139.2660304,0.27267603,0.001957951,97.17947766
106.9468971,0.134715209,0.001259646,139.2375441,0.26295374,0.001888526,97.17946427
106.9128743,0.125605201,0.001174837,139.1821878,0.256523345,0.001843076,97.17948424
106.8779014,0.127371763,0.00119175,139.1218431,0.257420746,0.001850326,97.17948961
106.8519966,0.122354971,0.001145088,139.0688955,0.251218149,0.001806429,97.17950238
106.805332,0.122623404,0.001148102,139.0007465,0.24815887,0.001785306,97.179481
106.7466808,0.124949116,0.00117052,138.8656489,0.253307932,0.001824122,97.17945687
106.708732,0.135410916,0.001268977,138.8002577,0.256483477,0.00184786,97.17942738
106.6791255,0.128810415,0.001207457,138.7376521,0.248263663,0.001789447,97.17939342
106.654927,0.127854837,0.001198771,138.6857372,0.25320797,0.001825768,97.17939909
106.63018,0.143492472,0.001345702,138.6449303,0.282728915,0.00203923,97.17939027
106.6212496,0.137816321,0.001292578,138.6332336,0.276915702,0.00199747,97.17938571
106.6102303,0.125639369,0.001178493,138.619507,0.256450866,0.001850034,97.17936403
106.591683,0.132643527,0.001244408,138.5970769,0.264606947,0.001909181,97.17941076
106.5692298,0.13969618,0.001310849,138.5645826,0.273467328,0.001973573,97.17941351
106.5523733,0.139099254,0.001305454,138.5252907,0.255490123,0.001844357,97.17944199
106.5116883,0.14573833,0.001368285,138.4620916,0.265941865,0.001920684,97.17947737
106.4873807,0.13843989,0.001300059,138.4259136,0.260090278,0.001878913,97.1794653
106.447011,0.136474353,0.001282087,138.3789878,0.252439958,0.001824265,97.17947565
106.4075646,0.125555759,0.001179951,138.3191565,0.244335382,0.001766461,97.1794553
106.3743538,0.124696533,0.001172242,138.2685815,0.242735239,0.001755534,97.179462
106.3497922,0.138389806,0.00130127,138.2325061,0.253712446,0.001835404,97.17948551
106.3417832,0.147123187,0.001383494,138.2200161,0.270345193,0.001955905,97.17950911
106.3198704,0.135394635,0.001273465,138.1937241,0.256712244,0.001857626,97.17945591
106.3180876,0.132149441,0.001242963,138.2054349,0.265032851,0.001917673,97.17942783
106.3084454,0.132150071,0.001243082,138.2070621,0.261219167,0.001890057,97.17940807
106.3014469,0.126480101,0.001189825,138.2147008,0.25417662,0.001838998,97.17938335
106.2971954,0.136190359,0.001281223,138.2289679,0.262423324,0.001898468,97.17940647
106.3015311,0.143285328,0.001347914,138.2583512,0.270209645,0.001954382,97.17943505
106.3172203,0.146397485,0.001376988,138.326577,0.268612552,0.001941872,97.17944061
106.2855401,0.136489541,0.001284178,138.283982,0.252868353,0.001828616,97.1794247
106.2614877,0.140577205,0.001322937,138.2459537,0.248841396,0.00179999,97.17942977
106.2324823,0.14407152,0.001356191,138.1958062,0.25110209,0.001817002,97.1794223
106.2104617,0.142518927,0.001341854,138.1539343,0.24850726,0.001798771,97.17942179
106.2048468,0.136805832,0.001288132,138.1348779,0.244053385,0.001766776,97.17943779
106.1992514,0.137495682,0.001294695,138.1184157,0.243407135,0.001762308,97.17944284
106.1994098,0.136379557,0.001284184,138.1096447,0.237550009,0.00172001,97.17943998
106.1864325,0.126928317,0.001195335,138.0959178,0.229411387,0.001661247,97.17940824
106.1535997,0.127106883,0.001197386,138.0447756,0.226367552,0.001639813,97.17938533
106.1395221,0.119990964,0.001130502,138.0334636,0.220766734,0.001599371,97.17938646
106.141255,0.119281508,0.0011238,138.0775443,0.218395328,0.001581686,97.17941026
106.1361712,0.111714031,0.001052554,138.0854177,0.211583697,0.001532267,97.12486367
106.125001,0.100393439,0.000945992,138.1396767,0.189015032,0.001368289,97.02429322
106.1067068,0.101259518,0.000954318,138.1539679,0.18947442,0.001371473,96.92375391
106.0636531,0.098846826,0.000931958,138.1559505,0.184324471,0.001334177,96.82318166
106.0154691,0.083759474,0.000790068,138.1395576,0.169233405,0.00122509,96.7225932
105.9735536,0.095652833,0.00090261,138.1268155,0.184951072,0.001338995,96.62199512
105.9061005,0.096352268,0.00090979,138.0854332,0.188551528,0.00136547,96.52144972
105.8627477,0.098322659,0.000928775,138.0599565,0.189657803,0.001373735,96.36635753
105.8154326,0.095004883,0.000897836,137.9873606,0.188810518,0.001368317,96.16539006
105.7822445,0.088631875,0.000837871,137.9500123,0.186063175,0.001348772,95.964408
105.7148997,0.088119975,0.000833562,137.8727229,0.191879475,0.001391715,95.81795155
105.6610334,0.100285206,0.000949122,137.8328073,0.183319043,0.00133001,95.71751842
105.6039018,0.096629018,0.000915014,137.7892929,0.180717872,0.001311552,95.61711358
105.5524306,0.101057222,0.000957413,137.755446,0.185717985,0.001348172,95.5167127
105.4822138,0.09516072,0.000902149,137.7092807,0.180708477,0.001312246,95.36172984
105.4475197,0.094385245,0.000895092,137.7036528,0.18122008,0.001316015,95.16089778
105.4149073,0.10655359,0.001010802,137.7102067,0.200288087,0.001454417,94.96002174
105.3775864,0.119545091,0.001134445,137.7578898,0.219334196,0.001592172,94.813693
105.3424661,0.114189713,0.001083986,137.7813917,0.208607687,0.001514048,94.71322119
105.2820303,0.124913855,0.001186469,137.8190005,0.217447015,0.001577772,94.61278494
105.2167413,0.124672764,0.001184914,137.805162,0.227875529,0.001653607,94.51231322
105.1166171,0.116189782,0.001105342,137.7404691,0.229009268,0.001662614,94.35722286
105.039397,0.118239513,0.001125668,137.6878135,0.229935869,0.00166998,94.15632289
104.9663651,0.124804566,0.001188996,137.6288748,0.230402969,0.001674089,93.95543942
104.8499735,0.120119459,0.001145632,137.4879351,0.21126622,0.001536616,93.80912152
104.7771877,0.126748055,0.001209691,137.4114073,0.21374878,0.001555539,93.70867116
104.7077367,0.140199725,0.001338962,137.2917989,0.21860442,0.001592261,93.55353962
104.6391718,0.125222658,0.001196709,137.2020906,0.199705741,0.001455559,93.35260903
104.5883831,0.127460535,0.001218687,137.104736,0.205071173,0.001495726,93.15165968
104.5677651,0.133999877,0.001281464,136.9852402,0.209034393,0.001525963,92.95066757
104.559547,0.136251865,0.001303103,136.9063854,0.207361131,0.00151462,92.69499377
104.5492835,0.147560638,0.001411398,136.7947789,0.210654678,0.001539932,92.44817799
104.6104832,0.152033666,0.001453331,136.76155,0.211920387,0.001549561,92.24715335
104.6694418,0.139038271,0.001328356,136.7124368,0.208619876,0.001525976,92.10088003
104.7244625,0.145972016,0.001393867,136.6518433,0.213282943,0.001560776,92.0003251
104.8150182,0.122365884,0.001167446,136.5764535,0.189159515,0.001385008,91.95456283
104.9270966,0.126563852,0.001206208,136.4904804,0.199527751,0.001461844,92.00919728
104.9881994,0.137198608,0.0013068,136.4236431,0.21102248,0.001546818,92.10960313
105.0970101,0.143974757,0.001369922,136.3358539,0.211149324,0.001548744,92.26483256
105.1631722,0.146122809,0.001389487,136.2625198,0.21931566,0.001609508,92.46579387
105.2426133,0.148926812,0.001415081,136.1552093,0.213123583,0.001565299,92.72148491
105.2513394,0.149190523,0.001417469,136.0421673,0.226032633,0.00166149,93.07770765
105.2704615,0.151192361,0.001436228,135.930093,0.234370689,0.0017242,93.47954905
105.3134791,0.175171621,0.001663335,135.7768253,0.26316813,0.00193824,93.82664066
105.3141585,0.173631503,0.0016487,135.6023262,0.271908328,0.002005189,94.12804722
105.3145197,0.176029593,0.001671466,135.4246362,0.276133554,0.00203902,94.37465898
105.3053438,0.178923769,0.001699095,135.2330794,0.259407833,0.001918228,94.63039402
105.2939355,0.156123078,0.001482736,135.1022986,0.245406052,0.001816446,94.93173309
105.284689,0.156258685,0.001484154,134.9271143,0.250311196,0.001855159,95.17827603
105.2487482,0.154107382,0.001464221,134.7819717,0.253397501,0.001880055,95.37910373
105.2469629,0.160816069,0.001527988,134.6222969,0.287329818,0.00213434,95.57993256
105.2460848,0.167458452,0.001591113,134.5304262,0.296321804,0.002202638,95.72600997
105.2350284,0.155936433,0.001481792,134.3879659,0.287948289,0.002142664,95.82643976
105.2263626,0.158300463,0.00150438,134.2754309,0.299063677,0.00222724,95.92689437
105.22128,0.174855324,0.001661787,134.208721,0.318732676,0.002374903,96.02731249
92.45408589,0.128055475,0.001385071,122.7787176,0.258039274,0.002101661,97.17894653
92.42028721,0.129499521,0.001401202,122.7384717,0.266941585,0.002174881,97.17893266
92.41183581,0.137458761,0.001487458,122.6811083,0.274923323,0.002240959,97.17892069
92.41209458,0.13928292,0.001507194,122.6257044,0.289019155,0.002356921,97.17892192
92.40861417,0.142016747,0.001536835,122.6008541,0.294770039,0.002404307,97.17893489
92.40546599,0.140943994,0.001525278,122.5906544,0.293129028,0.002391121,97.17891928
92.38349018,0.126708681,0.001371551,122.5706142,0.281786924,0.002298976,97.21778195
92.3718393,0.130734821,0.00141531,122.5018621,0.266726704,0.002177328,97.31812585
92.27475807,0.129158971,0.001399722,122.4070888,0.257683186,0.002105133,97.41843665
92.12566037,0.125146343,0.001358431,122.3100789,0.248315516,0.002030213,97.51882578
92.05911157,0.137310557,0.001491548,122.165857,0.26546711,0.002173006,97.61913564
92.00437057,0.137342834,0.001492786,122.0987601,0.263213943,0.002155746,97.71951767
91.91655691,0.135914644,0.001478674,121.9960778,0.259792246,0.002129513,97.81986797
91.84664093,0.131798423,0.001434984,121.8876641,0.2485302,0.00203901,97.9202281
91.81541086,0.132838868,0.001446804,121.7839783,0.254720234,0.002091574,97.98165167
91.68144611,0.140058952,0.00152767,121.633682,0.265662983,0.002184124,97.98167276
91.61338068,0.152349466,0.001662961,121.5386129,0.27779037,0.002285614,97.94283351
91.608307,0.17027419,0.00185872,121.4914867,0.321493042,0.002646219,97.88145259
91.61146321,0.163442919,0.001784088,121.4843584,0.311955889,0.002567869,97.88148531
91.60301134,0.16572558,0.001809172,121.4717015,0.317768811,0.00261599,97.88142976
91.58563955,0.164225108,0.001793132,121.4453595,0.296844285,0.002444262,97.88145805
91.5602651,0.152911247,0.001670061,121.4261099,0.284232785,0.002340788,97.84244253
91.53222019,0.139996566,0.001529479,121.3955305,0.270787959,0.002230625,97.74211909
91.49682407,0.135074484,0.001476275,121.3459254,0.257319269,0.002120543,97.64178237
91.46499552,0.136509407,0.001492477,121.2961732,0.256601366,0.002115494,97.58036416
91.44982646,0.139956033,0.001530413,121.2605776,0.258790254,0.002134166,97.58034054
91.4067053,0.127488238,0.001394736,121.1765491,0.251636645,0.002076612,97.58035655
91.37641068,0.122784969,0.001343727,121.1223302,0.238076742,0.001965589,97.54145577
91.29168458,0.121066329,0.001326148,121.0215621,0.233097813,0.001926085,97.441145
91.27076016,0.129694976,0.001420992,120.9618022,0.250677665,0.00207237,97.3408389
91.22406196,0.127148929,0.001393809,120.8952491,0.238532671,0.001973052,97.27953683
91.18583332,0.128703671,0.001411444,120.8356757,0.239404186,0.001981238,97.31855376
91.15492406,0.140624373,0.001542696,120.7834487,0.248307361,0.002055806,97.41889189
91.1098494,0.154307933,0.001693647,120.7316765,0.258757148,0.002143242,97.51922557
91.08198196,0.143687229,0.001577559,120.690583,0.252382574,0.002091154,97.61959586
91.053487,0.136878808,0.001503279,120.666067,0.24732678,0.00204968,97.71999905
91.0180292,0.137110182,0.001506407,120.6430208,0.252316687,0.002091432,97.82032351
91.00121209,0.131616422,0.001446315,120.5992696,0.245214371,0.002033299,97.92066682
90.96728836,0.132017745,0.001451266,120.5581013,0.240109845,0.001991653,98.02099148
90.91201135,0.122443863,0.001346839,120.4907198,0.227548575,0.001888515,98.12135221
90.86330612,0.122386233,0.001346927,120.435612,0.231024585,0.001918241,98.1826934
90.82173133,0.115491039,0.001271623,120.3976842,0.227552734,0.001890009,98.18270305
90.78458263,0.108456713,0.00119466,120.3503485,0.235665953,0.001958166,98.18272888
90.73450865,0.109491872,0.001206728,120.3249612,0.225711513,0.001875849,98.14358051
90.67636924,0.107638639,0.001187064,120.2924038,0.217241278,0.001805943,98.0432529
90.58080934,0.103674297,0.00114455,120.2287981,0.206063992,0.001713932,97.94287646
90.51173756,0.109762396,0.001212687,120.188484,0.221613551,0.001843883,97.84254328
90.44944373,0.115423085,0.001276106,120.1898058,0.229242941,0.001907341,97.74219147
90.38174811,0.118571171,0.001311893,120.1869654,0.240567526,0.002001611,97.64185432
90.34724045,0.126064349,0.001395331,120.2131936,0.253172503,0.002106029,97.54151254
90.30767195,0.120277217,0.00133186,120.2279829,0.23621624,0.001964736,97.44112495
90.28034628,0.117093265,0.001296996,120.2355168,0.218365659,0.001816149,97.30148244
90.19882628,0.122264754,0.001355503,120.226796,0.214866134,0.001787173,97.10055057
90.16536661,0.119395251,0.001324181,120.1999327,0.223191365,0.001856834,96.93879218
90.10584957,0.114414336,0.001269777,120.1652238,0.223015365,0.001855906,96.83824852
90.00861373,0.107063994,0.001189486,120.1127147,0.204668105,0.001703967,96.73768903
89.90844981,0.10826117,0.001204127,120.0366842,0.207693269,0.001730248,96.63710057
89.79435907,0.111713764,0.001244107,119.9466114,0.208633668,0.001739388,96.53651879
89.66600533,0.101899257,0.001136431,119.843701,0.190969592,0.001593489,96.43596539
89.52218004,0.094260678,0.001052931,119.7138466,0.177589006,0.001483446,96.29611096
89.39513386,0.096354216,0.001077846,119.4591409,0.192214492,0.00160904,96.09517024
89.27089277,0.087756827,0.00098304,119.346276,0.191536743,0.001604882,95.9334685
89.20037521,0.085517707,0.000958715,119.2443229,0.186979741,0.001568039,95.83311038
89.03932992,0.094399955,0.001060205,119.14212,0.192865476,0.001618785,95.69336653
88.93315031,0.094394194,0.001061406,119.0683638,0.179428834,0.00150694,95.4924928
88.83738633,0.108199116,0.001217946,118.9543779,0.183036438,0.001538711,95.29166368
88.71754685,0.113924345,0.001284124,118.9189529,0.18322589,0.001540763,95.09084499
88.71929498,0.116331235,0.001311228,118.9241795,0.173177065,0.001456197,94.85066103
88.68966044,0.122812855,0.001384748,118.9022459,0.185125639,0.001556957,94.54934384
88.71330748,0.13421367,0.001512892,118.9153174,0.20516538,0.001725307,94.28731105
88.72171131,0.142282651,0.001603696,118.9110135,0.21311297,0.001792205,94.12575761
88.73030088,0.14997685,0.001690255,118.8956433,0.217664275,0.001830717,94.0253454
88.75714555,0.148141007,0.00166906,118.8835478,0.209061029,0.001758536,93.92485057
88.78724111,0.157265846,0.001771266,118.8526336,0.228190622,0.001919946,93.86372294
88.81456168,0.164751641,0.001855007,118.8362753,0.248135985,0.002088049,93.90308832
88.83869898,0.165772416,0.001865993,118.8470865,0.24397928,0.002052884,94.0034914
88.89064553,0.154260961,0.001735402,118.8409876,0.257394706,0.002165875,94.10391589
88.9384994,0.148590363,0.001670709,118.8165033,0.263973354,0.002221689,94.28310629
88.97852316,0.159103098,0.001788107,118.8066043,0.265386888,0.002233772,94.58435265
89.0339163,0.149620839,0.001680493,118.7929314,0.256205807,0.002156743,94.88564663
89.05687794,0.15305621,0.001718634,118.7710301,0.262187262,0.002207502,95.14760148
89.1141353,0.156175892,0.001752538,118.747305,0.263187367,0.002216365,95.38794506
89.14330339,0.151029527,0.001694233,118.7185757,0.261363671,0.00220154,95.68936297
89.17736776,0.1463494,0.001641105,118.7067776,0.257937311,0.002172895,95.99081441
89.19884224,0.145470225,0.001630853,118.6837768,0.257326777,0.002168171,96.25284708
89.20898836,0.142639666,0.001598938,118.6280367,0.25498481,0.002149448,96.45384373
89.23021838,0.145515749,0.00163079,118.5835122,0.254205139,0.00214368,96.65483379
89.24237025,0.142238526,0.001593845,118.5518298,0.250136443,0.002109933,96.81641289
89.24713909,0.131049205,0.001468386,118.5055373,0.24680992,0.002082687,96.9565012
89.24953837,0.121969517,0.001366612,118.4512721,0.239730946,0.002023878,97.15744149
89.26482715,0.105567677,0.001182635,118.40783,0.226156019,0.001909975,97.35832267
89.25368307,0.10397937,0.001164987,118.3639333,0.232897295,0.001967637,97.51969306
89.24879629,0.103417165,0.001158751,118.3308263,0.232001127,0.001960614,97.62001884
89.23817475,0.093722187,0.001050248,118.283905,0.219217087,0.001853313,97.72034311
89.23597634,0.092946611,0.001041582,118.2414651,0.216309354,0.001829387,97.82068804
89.22330675,0.096234139,0.001078576,118.1974565,0.224969631,0.001903337,97.92104759
89.21821637,0.100694872,0.001128636,118.1649374,0.23352252,0.001976242,98.02138847
89.2171858,0.109256103,0.001224608,118.1262788,0.24092472,0.002039552,98.12174555
89.2166172,0.10940474,0.001226282,118.1038557,0.24206262,0.002049574,98.1826405
89.2165988,0.10696614,0.001198949,118.0848712,0.248943526,0.002108175,98.18262358
89.20924709,0.11223796,0.001258143,118.0655578,0.23401344,0.001982064,98.18260371
90.43065752,0.14567135,0.001610862,123.764389,0.251076801,0.002028668,95.6607339
90.41546134,0.133496283,0.001476476,123.7207772,0.233876538,0.001890358,95.76115172
90.4071571,0.148547169,0.001643091,123.6650671,0.245668078,0.00198656,95.86154805
90.40508442,0.141040139,0.001560091,123.6249017,0.240505022,0.001945442,95.9619523
90.39694104,0.141185116,0.001561835,123.5909464,0.243323003,0.001968777,96.06236749
90.37701956,0.142296994,0.001574482,123.5480809,0.244388267,0.001978082,96.16278805
90.36873785,0.134037108,0.001483224,123.4894242,0.234514333,0.001899064,96.17420345
90.34142018,0.132285347,0.001464282,123.4407689,0.228509899,0.00185117,96.17416584
90.30796965,0.140122709,0.00155161,123.3751718,0.231543231,0.001876741,96.17413918
90.27495062,0.130704647,0.001447851,123.2907094,0.251954646,0.002043582,96.17410971
90.26260896,0.129569995,0.001435478,123.2240957,0.246742881,0.002002391,96.1740704
90.23241502,0.12992662,0.001439911,123.1044172,0.257418759,0.00209106,96.17403675
90.18722783,0.137132331,0.001520529,123.0044317,0.254983977,0.002072966,96.17405784
90.1613775,0.13592558,0.001507581,122.9406052,0.257323888,0.002093075,96.17404404
90.12646825,0.125710729,0.001394826,122.8160844,0.235419234,0.001916844,96.1740328
90.05641002,0.124873493,0.001386614,122.7027786,0.235853093,0.00192215,96.17403552
90.01499472,0.121446965,0.001349186,122.6172556,0.233462371,0.001903993,96.17403105
89.94990538,0.121155914,0.001346927,122.4964423,0.235175042,0.001919852,96.17410068
89.92297695,0.123982255,0.001378761,122.4388092,0.236356851,0.001930408,96.17417141
89.9087285,0.130029146,0.001446235,122.3442065,0.239780097,0.001959881,96.17428168
89.88289985,0.145720936,0.001621231,122.3517241,0.238290977,0.00194759,96.17435891
89.86983867,0.132176094,0.00147075,122.3366032,0.226298746,0.001849804,96.17441223
89.82836172,0.126587981,0.001409221,122.2587845,0.217230623,0.00177681,96.1744262
89.81183091,0.122181971,0.001360422,122.2322712,0.220061637,0.001800356,96.17447385
89.80892693,0.124547093,0.001386801,122.2346605,0.230335266,0.001884369,96.17448904
89.79774952,0.126523516,0.001408983,122.2373843,0.234259859,0.001916434,96.17448987
89.7784004,0.133736237,0.001489626,122.2544366,0.232704644,0.001903445,96.1744917
89.77732009,0.119938092,0.001335951,122.2723668,0.215868537,0.001765473,96.17445349
89.75849537,0.105770118,0.001178386,122.2670006,0.193799134,0.001585049,96.17440758
89.74602286,0.109551926,0.001220688,122.277796,0.191124072,0.001563032,96.17437039
89.72192881,0.101172985,0.001127628,122.243538,0.187797339,0.001536256,96.17433177
89.71936045,0.101835564,0.001135046,122.2359083,0.191481189,0.001566489,96.17432285
89.7140734,0.095867285,0.001068587,122.2062774,0.174432629,0.001427362,96.17433128
89.65903694,0.091605203,0.001021706,122.1695228,0.164432669,0.001345939,96.17434729
89.60881422,0.094287509,0.001052212,122.1337893,0.165360884,0.001353932,96.17434851
89.53503122,0.103697253,0.001158175,122.0635104,0.180164007,0.001475986,96.1743555
89.48186857,0.093859945,0.001048927,122.0265391,0.172061464,0.001410033,96.08504142
89.42488389,0.099659297,0.001114447,121.9685317,0.180769579,0.0014821,95.98462575
89.34332681,0.103777105,0.001161554,121.9010072,0.194923489,0.001599031,95.88425717
89.28164416,0.093990004,0.001052736,121.8435688,0.194412629,0.001595592,95.7838436
89.21490661,0.097748142,0.001095648,121.7837076,0.200394642,0.001645496,95.68344018
89.17971296,0.109636177,0.001229385,121.7374955,0.22204435,0.00182396,95.58302317
89.15677645,0.107935824,0.00121063,121.7125404,0.224082104,0.001841077,95.48262277
89.12186072,0.108910424,0.001222039,121.6786163,0.227535836,0.001869974,95.38220119
89.06210316,0.108682086,0.001220296,121.619987,0.222788199,0.001831839,95.28177343
89.02804889,0.101407438,0.00113905,121.5887833,0.213199064,0.001753444,95.09194407
88.99048767,0.108653525,0.001220957,121.5369507,0.219257299,0.001804038,94.98040703
88.95131285,0.11087389,0.001246456,121.4884291,0.212972412,0.001753026,94.87996167
88.92558625,0.110942277,0.001247586,121.4727076,0.212259651,0.001747386,94.77947648
88.8876757,0.106730693,0.001200737,121.4628508,0.205413009,0.001691159,94.67901988
88.83108709,0.110135461,0.00123983,121.427069,0.208882011,0.001720226,94.48913862
88.81660802,0.102177064,0.001150427,121.4108877,0.192655021,0.001586802,94.2882578
88.76131416,0.097639092,0.001100019,121.4005626,0.192442734,0.001585188,94.08732417
88.73566043,0.102957775,0.001160275,121.3928867,0.194431107,0.001601668,93.88641356
88.67331828,0.103699716,0.001169458,121.4059832,0.189213781,0.001558521,93.68553649
88.58530827,0.098532836,0.001112293,121.3781842,0.167348908,0.00137874,93.57405331
88.53370486,0.118054689,0.001333443,121.2507451,0.179076215,0.001476908,93.38405233
88.50582669,0.13132284,0.001483776,121.1907533,0.179900802,0.001484443,93.18309751
88.44383609,0.138124043,0.001561715,121.1044404,0.188275485,0.001554654,92.98219511
88.39436308,0.150394755,0.001701407,121.0449645,0.215000063,0.0017762,92.78128255
88.36945668,0.156574365,0.001771815,121.0118507,0.208576953,0.001723608,92.66977224
88.37734063,0.167572186,0.001896099,120.9686979,0.234362887,0.001937385,92.47969892
88.37787266,0.167362226,0.001893712,120.942334,0.234904606,0.001942286,92.27872161
88.40937022,0.165922499,0.001876752,120.9457065,0.240335905,0.001987139,92.16731124
88.39729588,0.174598309,0.001975154,120.9068439,0.244674058,0.002023658,92.06678995
88.44094994,0.185047699,0.002092331,120.9533457,0.271216489,0.002242323,91.96629047
88.53336862,0.1548073,0.001748576,121.0536025,0.241725997,0.001996851,92.04490599
88.57204817,0.140863392,0.001590382,121.0958803,0.238587001,0.001970232,92.14540083
88.60546836,0.135359671,0.001527667,121.1496534,0.218495803,0.00180352,92.24587112
88.64086415,0.136879657,0.001544205,121.1506462,0.214070237,0.001766976,92.43589164
88.69086448,0.138576079,0.001562462,121.09386,0.22327863,0.001843848,92.63681067
88.71231806,0.136264557,0.001536027,121.053562,0.221935222,0.001833364,92.92731287
88.7333773,0.138942701,0.001565845,120.9899377,0.230072438,0.001901583,93.31835915
88.78599246,0.137588615,0.001549666,120.9558118,0.232922229,0.00192568,93.63064133
88.81209969,0.130308853,0.001467242,120.8999382,0.232935345,0.001926679,93.93203341
88.82051219,0.138039144,0.001554136,120.7967206,0.244026633,0.002020143,94.23340975
88.83383485,0.145445278,0.001637273,120.7290063,0.249330443,0.002065207,94.44522485
88.83965256,0.143273001,0.001612715,120.5764139,0.249642248,0.002070407,94.64612227
88.84901608,0.14788275,0.001664428,120.4998131,0.254818502,0.00211468,94.84698404
88.86336592,0.138016692,0.001553134,120.4150216,0.237582325,0.001973029,94.95833389
88.87689028,0.144195118,0.001622414,120.364024,0.250685468,0.002082728,95.05881787
88.89753451,0.141653343,0.001593445,120.3247507,0.236219826,0.001963186,95.15928257
88.88910521,0.131437769,0.001478671,120.2742489,0.22695101,0.001886946,95.17014965
88.86306182,0.127084282,0.001430114,120.1910061,0.217992043,0.001813713,95.17016341
88.83959777,0.128521265,0.001446666,120.1435867,0.214005835,0.001781251,95.17016605
88.81586719,0.137308961,0.001545996,120.083205,0.213729423,0.001779844,95.17017732
88.79628303,0.136897569,0.001541704,120.052738,0.209506129,0.001745117,95.17020681
88.82080032,0.149754705,0.001686032,120.0774015,0.223608068,0.001862199,95.17022921
88.83524874,0.137373879,0.001546389,120.0955526,0.219659701,0.001829041,95.25997707
88.85199031,0.125183112,0.001408895,120.1162254,0.225932062,0.001880945,95.36039469
88.85642555,0.117014567,0.001316895,120.1166787,0.215888793,0.001797326,95.46082103
88.84893557,0.131028118,0.001474729,120.1066033,0.220902277,0.001839218,95.56124655
88.85743791,0.135946048,0.001529934,120.1040257,0.231767833,0.001929726,95.66163641
88.8635529,0.130604568,0.00146972,120.1000503,0.236555816,0.001969656,95.76209266
88.85988073,0.125692592,0.001414503,120.0795918,0.241990422,0.00201525,95.86257728
88.8717023,0.123838422,0.001393452,120.0722106,0.24115644,0.002008428,95.96305398
88.87546188,0.122907826,0.001382922,120.0491453,0.228568196,0.001903955,96.06348204
88.90100802,0.125495675,0.001411634,120.0543076,0.246357801,0.002052053,96.1638869
88.90898267,0.134281095,0.001510321,120.043611,0.252445013,0.002102944,96.17461077
88.90090159,0.132900881,0.001494933,120.0264273,0.246736737,0.002055687,96.17464524
88.89447825,0.145812297,0.001640285,120.0098455,0.253514322,0.002112446,96.08487043
107.7968841,0.155610945,0.001443557,145.4540518,0.263140289,0.001809096,97.18047016
107.6982377,0.144263451,0.001339515,145.3035213,0.241658597,0.00166313,97.18039636
107.6549505,0.140319176,0.001303416,145.1732301,0.255826365,0.001762214,97.18042433
107.6216349,0.145325148,0.001350334,145.0910183,0.254810645,0.001756212,97.18052293
107.576077,0.158507481,0.001473445,144.9549746,0.263141396,0.001815332,97.18054178
107.5594024,0.147015819,0.001366834,144.8837041,0.253677587,0.001750905,97.18055465
107.5315254,0.144741422,0.001346037,144.7817697,0.259588892,0.001792967,97.18060877
107.5269728,0.133575707,0.001242253,144.7237922,0.247813897,0.001712323,97.1806176
107.5139655,0.131467018,0.00122279,144.6764467,0.243661395,0.001684182,97.18060737
107.5023468,0.134056115,0.001247006,144.6314519,0.251831796,0.001741197,97.18054464
107.5060245,0.135340517,0.001258911,144.5907164,0.252350056,0.001745271,97.18055941
107.4880186,0.131891786,0.001227037,144.5604949,0.257995286,0.001784687,97.1806494
107.4851109,0.134871354,0.001254791,144.5503041,0.263230141,0.001821028,97.18063542
107.4815763,0.131085505,0.001219609,144.5469152,0.273502932,0.00189214,97.18056864
107.4703723,0.117165457,0.001090212,144.5460086,0.257507301,0.00178149,97.18054453
107.4466396,0.128229814,0.001193428,144.5325286,0.251502157,0.001740108,97.180558
107.3934617,0.132392342,0.001232778,144.5005327,0.255399319,0.001767463,97.18054807
107.3414305,0.140839954,0.001312074,144.458775,0.264120716,0.001828347,97.18054127
107.2557204,0.140178241,0.001306954,144.3828028,0.260089182,0.001801386,97.18053377
107.1875835,0.145141505,0.001354089,144.3250836,0.267425892,0.001852941,97.18054118
107.1396261,0.150366321,0.001403461,144.2789349,0.274610879,0.001903333,97.18057564
107.0879075,0.156223289,0.001458832,144.2263841,0.278266015,0.00192937,97.18057505
106.9782517,0.151521728,0.001416379,144.1062413,0.259433821,0.001800296,97.18060971
106.9186972,0.153880928,0.001439233,144.0315446,0.26143162,0.0018151,97.18063057
106.8691928,0.151916969,0.001421523,143.9639774,0.277367687,0.001926646,97.1806862
106.8324506,0.15937382,0.001491811,143.8434472,0.28396836,0.001974149,97.18074598
106.7744846,0.164317649,0.001538922,143.7428511,0.28368221,0.00197354,97.18076746
106.7451525,0.169005369,0.00158326,143.6833498,0.287110838,0.001998219,97.18078185
106.0904988,0.127370176,0.00120058,142.9103005,0.216240708,0.001513122,97.18079369
106.0398158,0.125129861,0.001180027,142.8557555,0.214634903,0.001502459,97.18078245
105.9742873,0.120428958,0.001136398,142.7477897,0.211583655,0.00148222,97.18077037
105.9383329,0.115807962,0.001093164,142.6996578,0.206236207,0.001445247,97.1807876
105.8684086,0.116314988,0.001098675,142.6058885,0.208731424,0.001463694,97.18077331
105.8316264,0.120528677,0.001138872,142.5401613,0.211455269,0.001483479,97.18078619
105.8086005,0.132920154,0.001256232,142.5105726,0.230144143,0.001614927,97.11951893
105.7663805,0.129176814,0.001221341,142.4816492,0.226400278,0.001588979,97.01892298
105.7165728,0.128012041,0.001210899,142.4028792,0.227781549,0.001599557,96.91836037
105.7079123,0.124114981,0.001174131,142.3748511,0.224542833,0.001577124,96.81774252
105.6947224,0.135211493,0.001279264,142.3586685,0.238767295,0.001677223,96.71716997
105.6629768,0.137220203,0.001298659,142.3427133,0.242060002,0.001700544,96.55538434
105.6315464,0.132475077,0.001254124,142.3289414,0.242144687,0.001701303,96.35436914
105.5974159,0.137537162,0.001302467,142.3158427,0.251153663,0.001764763,96.15334362
105.5352482,0.136237722,0.001290922,142.2787556,0.249302177,0.001752209,95.95235609
105.516354,0.136677642,0.001295322,142.2536853,0.248597724,0.001747566,95.75137404
105.4804193,0.123764528,0.001173341,142.2349675,0.230514318,0.001620659,95.61166533
105.3906163,0.123576136,0.001172553,142.180947,0.229190346,0.001611962,95.44997536
105.384274,0.127051891,0.001205606,142.1835335,0.226124022,0.001590367,95.24911634
105.3538656,0.131162921,0.001244975,142.1889606,0.233092338,0.001639314,95.04829826
105.3048699,0.12734272,0.001209277,142.1785138,0.218849526,0.001539259,94.84743772
105.2637713,0.131741127,0.001251533,142.1507684,0.2201404,0.00154864,94.64646933
105.2330797,0.13845689,0.001315716,142.12591,0.22333939,0.001571419,94.44556267
105.1859542,0.130727776,0.001242825,142.0860787,0.220518817,0.001552009,94.24465063
105.1965402,0.12306895,0.001169895,142.1096334,0.225597287,0.001587488,94.04376353
105.1903315,0.12023133,0.001142988,142.1265355,0.211731221,0.001489737,93.84283163
105.1935778,0.123217981,0.001171345,142.1504945,0.224785628,0.001581321,93.58054862
105.2337465,0.135679293,0.001289314,142.1932705,0.234186308,0.001646958,93.3404132
105.2636632,0.135319944,0.001285533,142.2194082,0.23857287,0.001677499,93.13946062
105.3022353,0.127685888,0.001212566,142.237417,0.228937878,0.001609547,92.93851969
105.3705923,0.149280029,0.001416714,142.2848002,0.256191148,0.001800552,92.73756487
105.403682,0.150933135,0.001431953,142.3477746,0.249397099,0.001752027,92.59792419
105.5095133,0.159053292,0.001507478,142.4330679,0.255550739,0.001794181,92.55885324
105.5550134,0.161192211,0.001527092,142.5196863,0.241525917,0.001694685,92.55884595
105.6641162,0.200953133,0.001901811,142.554257,0.263363301,0.00184746,92.62022525
105.6830818,0.182114421,0.001723213,142.6259776,0.278665817,0.001953822,92.72066759
105.6935183,0.186867724,0.001768015,142.6198456,0.263678797,0.001848823,92.94385687
105.7332302,0.178769153,0.001690757,142.5953929,0.251459899,0.00176345,93.24525785
105.8082184,0.183750955,0.001736642,142.5618428,0.263508225,0.001848378,93.54665215
105.8917593,0.183827779,0.001735997,142.5554424,0.262886107,0.001844097,93.90944064
105.9782176,0.185583097,0.001751144,142.5153789,0.263029743,0.001845624,94.3112487
106.0332536,0.188758177,0.001780179,142.4489263,0.279570206,0.0019626,94.71304988
106.0884784,0.183863653,0.001733116,142.4165851,0.280157566,0.00196717,95.05343059
106.1234495,0.178985106,0.001686575,142.34902,0.276930186,0.001945431,95.35476186
106.1540403,0.176072528,0.001658651,142.338607,0.269044809,0.001890175,95.65622691
106.2099553,0.181295259,0.001706952,142.3039358,0.279096949,0.001961274,95.9576606
106.3065715,0.173092271,0.001628237,142.2762833,0.273313769,0.001921007,96.19771926
106.339411,0.170118519,0.001599769,142.2417835,0.261815933,0.00184064,96.39870224
106.3842728,0.167029432,0.001570058,142.1705172,0.264997662,0.001863942,96.59968784
106.4171176,0.166315948,0.001562868,142.0999112,0.265543141,0.001868707,96.73924741
106.4274776,0.16103296,0.001513077,142.0682943,0.259444644,0.001826197,96.83983821
106.4563493,0.151606447,0.001424118,142.0486869,0.264459799,0.001861755,96.94044491
106.4637068,0.154373346,0.001450009,142.0286276,0.26944584,0.001897123,97.04104473
106.465647,0.148693609,0.001396635,141.9869609,0.272106874,0.001916422,97.14162549
106.4437184,0.149501691,0.001404514,141.9420896,0.270522845,0.001905868,97.11903884
106.432388,0.15665025,0.001471829,141.890409,0.287314842,0.002024907,97.01849195
106.4261575,0.160091943,0.001504254,141.878489,0.301426854,0.002124542,96.91790409
106.4299718,0.166932181,0.00156847,141.9112357,0.298831224,0.002105762,96.81734391
106.4097482,0.153478847,0.001442338,141.9095517,0.289222905,0.002038079,96.71677715
106.4055351,0.143859707,0.001351995,141.9046478,0.274512088,0.001934483,96.61624089
106.3871313,0.151783046,0.001426705,141.8904734,0.279037912,0.001966573,96.51567392
106.3657514,0.144477527,0.001358309,141.8647234,0.247492733,0.001744569,96.41507127
106.3544918,0.140728216,0.0013232,141.8415662,0.240572147,0.001696062,96.31445839
106.356252,0.147480695,0.001386667,141.8282049,0.246479199,0.001737872,96.21389659
106.392527,0.149662361,0.0014067,141.875877,0.256809652,0.001810101,96.17495527
106.4128424,0.139029559,0.001306511,141.9109798,0.242289938,0.001707338,96.17495506
106.4440115,0.129927641,0.00122062,141.9814722,0.233358154,0.001643582,96.17499601
106.4771619,0.142003381,0.001333651,142.0155394,0.25582064,0.001801357,96.17500432
106.5409248,0.153198506,0.001437931,142.1057582,0.272475483,0.001917413,96.17504668
106.5699275,0.163511173,0.001534309,142.1487028,0.280296545,0.001971854,96.17503432
106.6092321,0.156772266,0.001470532,142.208337,0.288590079,0.002029347,96.17501617
106.6403662,0.160516214,0.001505211,142.2466861,0.29044823,0.002041863,96.23678586
106.6887917,0.163688556,0.001534262,142.2909626,0.287154742,0.002018081,96.33741261
121.798,0.144330999,0.001185003,164.184657,0.298944382,0.001820781,95.16957679
122.0997134,0.166020733,0.001359714,164.4195425,0.334004413,0.002031416,95.16959543
122.1356968,0.185746994,0.001520825,164.4492818,0.348844017,0.002121286,95.16960343
122.1786548,0.180911063,0.001480709,164.4671099,0.340341534,0.002069359,95.16956887
122.1911242,0.162964732,0.001333687,164.4753922,0.322901711,0.001963222,95.16957628
122.2008733,0.17361468,0.001420732,164.4881312,0.32726448,0.001989593,95.16959331
122.200098,0.188231819,0.001540357,164.4987241,0.320516281,0.001948442,95.16956858
122.1808742,0.184000845,0.001505971,164.4517252,0.317080015,0.001928104,95.16958124
122.1695751,0.200670701,0.001642559,164.4399587,0.325747202,0.001980949,95.16956897
122.1850316,0.192514228,0.001575596,164.5118822,0.314720502,0.001913056,95.16956219
122.2045469,0.186119211,0.001523014,164.5645782,0.307114084,0.001866222,95.16956492
122.2059066,0.167887802,0.001373811,164.6081145,0.281190339,0.001708241,95.19517651
122.1703082,0.163108555,0.001335092,164.6119219,0.275197592,0.001671796,95.29560386
122.1456788,0.180143246,0.001474823,164.6063845,0.286300658,0.001739305,95.3960464
122.1413829,0.185435054,0.0015182,164.6276972,0.293639111,0.001783656,95.49647526
122.1324184,0.190542955,0.001560134,164.6290476,0.308428638,0.001873476,95.59691011
122.1353912,0.183392149,0.001501548,164.6551433,0.30460261,0.001849943,95.69734829
122.1306038,0.165987978,0.001359102,164.6900445,0.299008312,0.001815582,95.77210993
122.1144348,0.163128759,0.001335868,164.6708887,0.29585526,0.001796646,95.77213416
122.0773865,0.16469585,0.00134911,164.6355355,0.295017181,0.001791941,95.77213769
122.0362698,0.176284506,0.001444526,164.5836951,0.311169427,0.001890646,95.79780159
122.0031904,0.189387803,0.001552318,164.5372696,0.3284441,0.001996168,95.87259009
122.0042663,0.177364116,0.001453753,164.5445163,0.31753371,0.001929774,95.87259252
121.9985896,0.168073618,0.001377669,164.5548254,0.312984178,0.001902005,95.87259558
121.9644754,0.145369801,0.001191903,164.562201,0.28158636,0.001711124,95.84686803
121.9463367,0.140722664,0.001153972,164.550379,0.2749238,0.001670758,95.74641787
121.9156773,0.137652243,0.001129077,164.5431854,0.267043427,0.001622938,95.64598587
121.8898146,0.134167732,0.00110073,164.5420177,0.269001803,0.001634852,95.57124159
121.8859177,0.134371045,0.001102433,164.5476531,0.26327838,0.001600013,95.5712208
121.8606771,0.138241294,0.001134421,164.5906002,0.283652348,0.001723381,95.57122424
121.8398506,0.149242734,0.001224909,164.621307,0.268166973,0.001628993,95.54558873
121.8307883,0.14866838,0.001220286,164.6359789,0.247392618,0.001502664,95.44520313
121.7709633,0.143688296,0.001179988,164.636553,0.246031156,0.00149439,95.34481764
121.6788551,0.154847468,0.001272591,164.6666182,0.262966291,0.001596962,95.24439818
121.6376493,0.150573834,0.001237888,164.6981091,0.26136242,0.001586918,95.16971499
121.5819025,0.144864505,0.001191497,164.7239467,0.25629603,0.001555912,95.16974176
121.471059,0.161406572,0.001328766,164.7353264,0.269304029,0.001634768,95.16975624
121.3613335,0.150087451,0.001236699,164.7322066,0.265176163,0.001609741,95.1697613
121.2813685,0.141887155,0.001169901,164.7217418,0.250986558,0.0015237,95.16979566
121.1934242,0.133227571,0.001099297,164.7010307,0.243063172,0.001475784,95.1439825
121.163244,0.130477777,0.001076876,164.6830799,0.251988173,0.00153014,95.0435422
121.0718386,0.142715233,0.001178765,164.6905601,0.285378619,0.001732817,94.94314774
121.0190964,0.150870031,0.001246663,164.7089386,0.289457112,0.001757386,94.84270684
120.9645937,0.134931177,0.00111546,164.7233483,0.267357127,0.001623068,94.74228673
120.8274273,0.135235048,0.001119241,164.6822222,0.26269145,0.001595142,94.64185901
120.7466534,0.125291113,0.001037636,164.6437589,0.251707505,0.001528801,94.51554481
120.7113801,0.125949348,0.001043392,164.5982407,0.243978622,0.001482267,94.31469023
120.548909,0.141641349,0.00117497,164.5521861,0.264253943,0.001605897,94.11379704
120.4726883,0.139683571,0.001159463,164.5258182,0.269165175,0.001636006,93.88699906
120.311851,0.130050686,0.001080947,164.5149119,0.264189156,0.001605868,93.61147926
120.2169635,0.122530564,0.001019245,164.4891968,0.241947894,0.001470904,93.41051562
120.1719819,0.124636592,0.001037152,164.4698232,0.246309313,0.001497596,93.20951416
120.0980753,0.115410201,0.000960966,164.4614353,0.228520163,0.001389506,93.00855002
119.9308781,0.131709245,0.00109821,164.388617,0.243246409,0.001479703,92.80761577
119.8598277,0.128366523,0.001070972,164.3734081,0.234197137,0.001424787,92.58073315
119.8584834,0.137725382,0.001149067,164.4096425,0.238239766,0.001449062,92.30518982
119.8985255,0.146399795,0.001221031,164.4886354,0.242314695,0.001473139,92.07826395
119.9601422,0.158097994,0.001317921,164.5194254,0.243289906,0.001478791,91.77691144
120.0112075,0.171741811,0.001431048,164.5500512,0.24776047,0.001505685,91.50145479
120.1146684,0.188523205,0.001569527,164.5680015,0.268652394,0.00163247,91.30051225
120.1874886,0.198672334,0.00165302,164.5817942,0.273832178,0.001663806,91.07365307
120.2220579,0.199497461,0.001659408,164.5603898,0.270532239,0.001643969,90.77237006
120.2569141,0.201496439,0.00167555,164.51689,0.277291178,0.001685488,90.47105887
120.3550274,0.208781401,0.001734713,164.4748198,0.260845886,0.001585932,90.16973725
120.3614834,0.212965505,0.001769383,164.4168661,0.274233497,0.001667916,89.92036772
120.4096792,0.213020629,0.001769132,164.3473173,0.278375969,0.001693827,89.84593216
120.4308089,0.209489969,0.001739505,164.3064577,0.288303986,0.001754672,89.87184707
120.451103,0.219470989,0.001822075,164.2052521,0.286302895,0.001743567,89.99828064
120.4711138,0.21639813,0.001796266,164.0779955,0.278170616,0.001695356,90.22518706
120.480394,0.212528704,0.001764011,163.9876118,0.277275213,0.00169083,90.52656058
120.4984713,0.19984919,0.001658521,163.8078339,0.272248036,0.001661996,90.87995328
120.531168,0.205121065,0.001701809,163.7379969,0.282859369,0.001727512,91.40823413
120.570337,0.203249615,0.001685735,163.6819231,0.28637408,0.001749577,92.01089878
120.6209364,0.194785277,0.001614855,163.5842504,0.291826031,0.001783949,92.61356879
120.6351747,0.193646232,0.001605222,163.524027,0.303800099,0.001857832,93.21631147
120.6590083,0.181220066,0.001501919,163.4086637,0.284515375,0.001741128,93.76692693
120.675324,0.181362494,0.001502896,163.3086947,0.282522723,0.001729992,94.16880593
120.7059705,0.18344054,0.00151973,163.2655978,0.293772959,0.001799356,94.54462993
120.7733895,0.179286695,0.001484488,163.2400359,0.298320757,0.001827497,94.8199669
120.8099201,0.181462699,0.001502051,163.2252694,0.30896357,0.001892866,95.04698288
120.8303499,0.172545442,0.001427998,163.2063371,0.298893863,0.001831386,95.32224527
120.8323031,0.171667102,0.001420705,163.179435,0.300214796,0.001839783,95.49703532
120.8139867,0.173004206,0.001431988,163.1303,0.302680842,0.001855454,95.59748
120.7806719,0.168153767,0.001392224,163.0872142,0.307248625,0.001883953,95.6979175
120.7458001,0.158027861,0.001308765,163.040716,0.289774264,0.001777312,95.77227251
120.6992613,0.163081208,0.001351137,162.9864226,0.298232739,0.001829801,95.79838974
120.6810462,0.167240925,0.001385809,162.9628647,0.296726376,0.001820822,95.89880199
120.6246152,0.157473645,0.001305485,162.900409,0.29157548,0.0017899,95.99921353
120.5864206,0.162163437,0.00134479,162.9066615,0.308071286,0.001891091,96.09965151
120.5571809,0.168686313,0.001399222,162.9266566,0.299200979,0.001836415,96.17400917
120.5520603,0.152840685,0.00126784,162.9247127,0.288206795,0.001768957,96.17401444
120.5527969,0.143701909,0.001192025,162.9116277,0.277162112,0.001701303,96.17405224
120.6164306,0.164150672,0.001360931,162.9212187,0.299667663,0.001839341,96.17407264
120.6665418,0.162287868,0.001344928,162.961922,0.295415634,0.001812789,96.17409897
120.745839,0.168431438,0.001394925,163.0217913,0.306726296,0.001881505,96.17414843
120.8198395,0.187691779,0.001553485,163.1065043,0.322100989,0.001974789,96.17415684
120.8465176,0.177602315,0.001469652,163.1766077,0.328270014,0.002011747,96.17416111
120.864335,0.173295739,0.001433804,163.2309873,0.310336959,0.001901214,96.17417974
120.8748727,0.177171398,0.001465742,163.242738,0.299016227,0.001831728,96.17417173
120.89333,0.1764076,0.0014592,163.2679004,0.305913069,0.001873688,96.17413585
120.9172376,0.165247752,0.001366619,163.3083759,0.30551501,0.001870786,96.17413949
