DC_red,AC_red,DC_ir,AC_ir,(AC/DC)_red,(AC/DC)_ir,RR,SpO2
107.0599961,0.176877287,139.4787539,0.338542334,0.001652132,0.002427196,0.680675186,97.17944927
107.0558862,0.154434744,139.4314111,0.322807544,0.001442562,0.002315171,0.6230909,97.17946417
107.0279351,0.145250416,139.3637791,0.312188603,0.001357126,0.002240099,0.605833254,97.1794513
106.9893669,0.139397739,139.2904594,0.306499412,0.001302912,0.002200434,0.592116057,97.17947026
106.9607139,0.137596599,139.2314342,0.30148274,0.001286422,0.002165335,0.594098218,97.17948638
106.9743569,0.126898097,139.2660304,0.27267603,0.001186248,0.001957951,0.60586192,97.17947766
106.9468971,0.134715209,139.2375441,0.26295374,0.001259646,0.001888526,0.666999398,97.17946427
106.9128743,0.125605201,139.1821878,0.256523345,0.001174837,0.001843076,0.637432762,97.17948424
106.8779014,0.127371763,139.1218431,0.257420746,0.00119175,0.001850326,0.644075857,97.17948961
106.8519966,0.122354971,139.0688955,0.251218149,0.001145088,0.001806429,0.633895941,97.17950238
106.805332,0.122623404,139.0007465,0.24815887,0.001148102,0.001785306,0.643084086,97.179481
106.7466808,0.124949116,138.8656489,0.253307932,0.00117052,0.001824122,0.641689371,97.17945687
106.708732,0.135410916,138.8002577,0.256483477,0.001268977,0.00184786,0.686727751,97.17942738
106.6791255,0.128810415,138.7376521,0.248263663,0.001207457,0.001789447,0.674765258,97.17939342
106.654927,0.127854837,138.6857372,0.25320797,0.001198771,0.001825768,0.656584563,97.17939909
106.63018,0.143492472,138.6449303,0.282728915,0.001345702,0.00203923,0.659907013,97.17939027
106.6212496,0.137816321,138.6332336,0.276915702,0.001292578,0.00199747,0.647107828,97.17938571
106.6102303,0.125639369,138.619507,0.256450866,0.001178493,0.001850034,0.637011164,97.17936403
106.591683,0.132643527,138.5970769,0.264606947,0.001244408,0.001909181,0.651801824,97.17941076
106.5692298,0.13969618,138.5645826,0.273467328,0.001310849,0.001973573,0.664200953,97.17941351
106.5523733,0.139099254,138.5252907,0.255490123,0.001305454,0.001844357,0.707809889,97.17944199
106.5116883,0.14573833,138.4620916,0.265941865,0.001368285,0.001920684,0.712394727,97.17947737
106.4873807,0.13843989,138.4259136,0.260090278,0.001300059,0.001878913,0.691920792,97.1794653
106.447011,0.136474353,138.3789878,0.252439958,0.001282087,0.001824265,0.702796556,97.17947565
106.4075646,0.125555759,138.3191565,0.244335382,0.001179951,0.001766461,0.667974837,97.1794553
106.3743538,0.124696533,138.2685815,0.242735239,0.001172242,0.001755534,0.667741121,97.179462
106.3497922,0.138389806,138.2325061,0.253712446,0.00130127,0.001835404,0.708983067,97.17948551
106.3417832,0.147123187,138.2200161,0.270345193,0.001383494,0.001955905,0.707342044,97.17950911
106.3198704,0.135394635,138.1937241,0.256712244,0.001273465,0.001857626,0.685533614,97.17945591
106.3180876,0.132149441,138.2054349,0.265032851,0.001242963,0.001917673,0.648162032,97.17942783
106.3084454,0.132150071,138.2070621,0.261219167,0.001243082,0.001890057,0.657695437,97.17940807
106.3014469,0.126480101,138.2147008,0.25417662,0.001189825,0.001838998,0.646996104,97.17938335
106.2971954,0.136190359,138.2289679,0.262423324,0.001281223,0.001898468,0.674871662,97.17940647
106.3015311,0.143285328,138.2583512,0.270209645,0.001347914,0.001954382,0.689688095,97.17943505
106.3172203,0.146397485,138.326577,0.268612552,0.001376988,0.001941872,0.709103009,97.17944061
106.2855401,0.136489541,138.283982,0.252868353,0.001284178,0.001828616,0.702267527,97.1794247
106.2614877,0.140577205,138.2459537,0.248841396,0.001322937,0.00179999,0.734968646,97.17942977
106.2324823,0.14407152,138.1958062,0.25110209,0.001356191,0.001817002,0.746389198,97.1794223
106.2104617,0.142518927,138.1539343,0.24850726,0.001341854,0.001798771,0.745983849,97.17942179
106.2048468,0.136805832,138.1348779,0.244053385,0.001288132,0.001766776,0.729086047,97.17943779
106.1992514,0.137495682,138.1184157,0.243407135,0.001294695,0.001762308,0.73465914,97.17944284
106.1994098,0.136379557,138.1096447,0.237550009,0.001284184,0.00172001,0.746614,97.17943998
106.1864325,0.126928317,138.0959178,0.229411387,0.001195335,0.001661247,0.719540693,97.17940824
106.1535997,0.127106883,138.0447756,0.226367552,0.001197386,0.001639813,0.730197168,97.17938533
106.1395221,0.119990964,138.0334636,0.220766734,0.001130502,0.001599371,0.706841706,97.17938646
106.141255,0.119281508,138.0775443,0.218395328,0.0011238,0.001581686,0.710507412,97.17941026
106.1361712,0.111714031,138.0854177,0.211583697,0.001052554,0.001532267,0.686925954,97.12486367
106.125001,0.100393439,138.1396767,0.189015032,0.000945992,0.001368289,0.691368702,97.02429322
106.1067068,0.101259518,138.1539679,0.18947442,0.000954318,0.001371473,0.69583424,96.92375391
106.0636531,0.098846826,138.1559505,0.184324471,0.000931958,0.001334177,0.698526274,96.82318166
106.0154691,0.083759474,138.1395576,0.169233405,0.000790068,0.00122509,0.644906376,96.7225932
105.9735536,0.095652833,138.1268155,0.184951072,0.00090261,0.001338995,0.674095586,96.62199512
105.9061005,0.096352268,138.0854332,0.188551528,0.00090979,0.00136547,0.666283069,96.52144972
105.8627477,0.098322659,138.0599565,0.189657803,0.000928775,0.001373735,0.676094602,96.36635753
105.8154326,0.095004883,137.9873606,0.188810518,0.000897836,0.001368317,0.656160432,96.16539006
105.7822445,0.088631875,137.9500123,0.186063175,0.000837871,0.001348772,0.621210052,95.964408
105.7148997,0.088119975,137.8727229,0.191879475,0.000833562,0.001391715,0.598946445,95.81795155
105.6610334,0.100285206,137.8328073,0.183319043,0.000949122,0.00133001,0.713620039,95.71751842
105.6039018,0.096629018,137.7892929,0.180717872,0.000915014,0.001311552,0.697657016,95.61711358
105.5524306,0.101057222,137.755446,0.185717985,0.000957413,0.001348172,0.71015628,95.5167127
105.4822138,0.09516072,137.7092807,0.180708477,0.000902149,0.001312246,0.687484903,95.36172984
105.4475197,0.094385245,137.7036528,0.18122008,0.000895092,0.001316015,0.680153416,95.16089778
105.4149073,0.10655359,137.7102067,0.200288087,0.001010802,0.001454417,0.694987615,94.96002174
105.3775864,0.119545091,137.7578898,0.219334196,0.001134445,0.001592172,0.712514379,94.813693
105.3424661,0.114189713,137.7813917,0.208607687,0.001083986,0.001514048,0.715951759,94.71322119
105.2820303,0.124913855,137.8190005,0.217447015,0.001186469,0.001577772,0.751989895,94.61278494
105.2167413,0.124672764,137.805162,0.227875529,0.001184914,0.001653607,0.716563261,94.51231322
105.1166171,0.116189782,137.7404691,0.229009268,0.001105342,0.001662614,0.664821505,94.35722286
105.039397,0.118239513,137.6878135,0.229935869,0.001125668,0.00166998,0.674060984,94.15632289
104.9663651,0.124804566,137.6288748,0.230402969,0.001188996,0.001674089,0.710234567,93.95543942
104.8499735,0.120119459,137.4879351,0.21126622,0.001145632,0.001536616,0.745554799,93.80912152
104.7771877,0.126748055,137.4114073,0.21374878,0.001209691,0.001555539,0.777667068,93.70867116
104.7077367,0.140199725,137.2917989,0.21860442,0.001338962,0.001592261,0.840918768,93.55353962
104.6391718,0.125222658,137.2020906,0.199705741,0.001196709,0.001455559,0.822164653,93.35260903
104.5883831,0.127460535,137.104736,0.205071173,0.001218687,0.001495726,0.814779569,93.15165968
104.5677651,0.133999877,136.9852402,0.209034393,0.001281464,0.001525963,0.839774343,92.95066757
104.559547,0.136251865,136.9063854,0.207361131,0.001303103,0.00151462,0.860349902,92.69499377
104.5492835,0.147560638,136.7947789,0.210654678,0.001411398,0.001539932,0.916532514,92.44817799
104.6104832,0.152033666,136.76155,0.211920387,0.001453331,0.001549561,0.937898483,92.24715335
104.6694418,0.139038271,136.7124368,0.208619876,0.001328356,0.001525976,0.870496023,92.10088003
104.7244625,0.145972016,136.6518433,0.213282943,0.001393867,0.001560776,0.893060407,92.0003251
104.8150182,0.122365884,136.5764535,0.189159515,0.001167446,0.001385008,0.842916347,91.95456283
104.9270966,0.126563852,136.4904804,0.199527751,0.001206208,0.001461844,0.825127543,92.00919728
104.9881994,0.137198608,136.4236431,0.21102248,0.0013068,0.001546818,0.844831573,92.10960313
105.0970101,0.143974757,136.3358539,0.211149324,0.001369922,0.001548744,0.88453777,92.26483256
105.1631722,0.146122809,136.2625198,0.21931566,0.001389487,0.001609508,0.863298741,92.46579387
105.2426133,0.148926812,136.1552093,0.213123583,0.001415081,0.001565299,0.904032457,92.72148491
105.2513394,0.149190523,136.0421673,0.226032633,0.001417469,0.00166149,0.853131553,93.07770765
105.2704615,0.151192361,135.930093,0.234370689,0.001436228,0.0017242,0.832982045,93.47954905
105.3134791,0.175171621,135.7768253,0.26316813,0.001663335,0.00193824,0.858167657,93.82664066
105.3141585,0.173631503,135.6023262,0.271908328,0.0016487,0.002005189,0.822216889,94.12804722
105.3145197,0.176029593,135.4246362,0.276133554,0.001671466,0.00203902,0.819739624,94.37465898
105.3053438,0.178923769,135.2330794,0.259407833,0.001699095,0.001918228,0.885762888,94.63039402
105.2939355,0.156123078,135.1022986,0.245406052,0.001482736,0.001816446,0.816283872,94.93173309
105.284689,0.156258685,134.9271143,0.250311196,0.001484154,0.001855159,0.800014584,95.17827603
105.2487482,0.154107382,134.7819717,0.253397501,0.001464221,0.001880055,0.778818001,95.37910373
105.2469629,0.160816069,134.6222969,0.287329818,0.001527988,0.00213434,0.715906272,95.57993256
105.2460848,0.167458452,134.5304262,0.296321804,0.001591113,0.002202638,0.722367225,95.72600997
105.2350284,0.155936433,134.3879659,0.287948289,0.001481792,0.002142664,0.691565231,95.82643976
105.2263626,0.158300463,134.2754309,0.299063677,0.00150438,0.00222724,0.675445812,95.92689437
105.22128,0.174855324,134.208721,0.318732676,0.001661787,0.002374903,0.699728283,96.02731249
92.45408589,0.128055475,122.7787176,0.258039274,0.001385071,0.002101661,0.659036283,97.17894653
92.42028721,0.129499521,122.7384717,0.266941585,0.001401202,0.002174881,0.644266169,97.17893266
92.41183581,0.137458761,122.6811083,0.274923323,0.001487458,0.002240959,0.66375978,97.17892069
92.41209458,0.13928292,122.6257044,0.289019155,0.001507194,0.002356921,0.639475539,97.17892192
92.40861417,0.142016747,122.6008541,0.294770039,0.001536835,0.002404307,0.639200725,97.17893489
92.40546599,0.140943994,122.5906544,0.293129028,0.001525278,0.002391121,0.63789243,97.17891928
92.38349018,0.126708681,122.5706142,0.281786924,0.001371551,0.002298976,0.596592144,97.21778195
92.3718393,0.130734821,122.5018621,0.266726704,0.00141531,0.002177328,0.650021731,97.31812585
92.27475807,0.129158971,122.4070888,0.257683186,0.001399722,0.002105133,0.664908903,97.41843665
92.12566037,0.125146343,122.3100789,0.248315516,0.001358431,0.002030213,0.669107564,97.51882578
92.05911157,0.137310557,122.165857,0.26546711,0.001491548,0.002173006,0.686398415,97.61913564
92.00437057,0.137342834,122.0987601,0.263213943,0.001492786,0.002155746,0.692468319,97.71951767
91.91655691,0.135914644,121.9960778,0.259792246,0.001478674,0.002129513,0.694371982,97.81986797
91.84664093,0.131798423,121.8876641,0.2485302,0.001434984,0.00203901,0.703764765,97.9202281
91.81541086,0.132838868,121.7839783,0.254720234,0.001446804,0.002091574,0.691729497,97.98165167
91.68144611,0.140058952,121.633682,0.265662983,0.00152767,0.002184124,0.699442836,97.98167276
91.61338068,0.152349466,121.5386129,0.27779037,0.001662961,0.002285614,0.727577261,97.94283351
91.608307,0.17027419,121.4914867,0.321493042,0.00185872,0.002646219,0.702406033,97.88145259
91.61146321,0.163442919,121.4843584,0.311955889,0.001784088,0.002567869,0.694773852,97.88148531
91.60301134,0.16572558,121.4717015,0.317768811,0.001809172,0.00261599,0.691581937,97.88142976
91.58563955,0.164225108,121.4453595,0.296844285,0.001793132,0.002444262,0.733608585,97.88145805
91.5602651,0.152911247,121.4261099,0.284232785,0.001670061,0.002340788,0.713461102,97.84244253
91.53222019,0.139996566,121.3955305,0.270787959,0.001529479,0.002230625,0.685672504,97.74211909
91.49682407,0.135074484,121.3459254,0.257319269,0.001476275,0.002120543,0.696177826,97.64178237
91.46499552,0.136509407,121.2961732,0.256601366,0.001492477,0.002115494,0.705498015,97.58036416
91.44982646,0.139956033,121.2605776,0.258790254,0.001530413,0.002134166,0.717101209,97.58034054
91.4067053,0.127488238,121.1765491,0.251636645,0.001394736,0.002076612,0.671640315,97.58035655
91.37641068,0.122784969,121.1223302,0.238076742,0.001343727,0.001965589,0.683625659,97.54145577
91.29168458,0.121066329,121.0215621,0.233097813,0.001326148,0.001926085,0.688520232,97.441145
91.27076016,0.129694976,120.9618022,0.250677665,0.001420992,0.00207237,0.685684122,97.3408389
91.22406196,0.127148929,120.8952491,0.238532671,0.001393809,0.001973052,0.706422728,97.27953683
91.18583332,0.128703671,120.8356757,0.239404186,0.001411444,0.001981238,0.712405063,97.31855376
91.15492406,0.140624373,120.7834487,0.248307361,0.001542696,0.002055806,0.750409452,97.41889189
91.1098494,0.154307933,120.7316765,0.258757148,0.001693647,0.002143242,0.790226883,97.51922557
91.08198196,0.143687229,120.690583,0.252382574,0.001577559,0.002091154,0.754396593,97.61959586
91.053487,0.136878808,120.666067,0.24732678,0.001503279,0.00204968,0.733421512,97.71999905
91.0180292,0.137110182,120.6430208,0.252316687,0.001506407,0.002091432,0.72027528,97.82032351
91.00121209,0.131616422,120.5992696,0.245214371,0.001446315,0.002033299,0.7113145,97.92066682
90.96728836,0.132017745,120.5581013,0.240109845,0.001451266,0.001991653,0.728674369,98.02099148
90.91201135,0.122443863,120.4907198,0.227548575,0.001346839,0.001888515,0.71317356,98.12135221
90.86330612,0.122386233,120.435612,0.231024585,0.001346927,0.001918241,0.702167557,98.1826934
90.82173133,0.115491039,120.3976842,0.227552734,0.001271623,0.001890009,0.672813331,98.18270305
90.78458263,0.108456713,120.3503485,0.235665953,0.00119466,0.001958166,0.610091319,98.18272888
90.73450865,0.109491872,120.3249612,0.225711513,0.001206728,0.001875849,0.643296827,98.14358051
90.67636924,0.107638639,120.2924038,0.217241278,0.001187064,0.001805943,0.657309534,98.0432529
90.58080934,0.103674297,120.2287981,0.206063992,0.00114455,0.001713932,0.667792129,97.94287646
90.51173756,0.109762396,120.188484,0.221613551,0.001212687,0.001843883,0.657680886,97.84254328
90.44944373,0.115423085,120.1898058,0.229242941,0.001276106,0.001907341,0.669049792,97.74219147
90.38174811,0.118571171,120.1869654,0.240567526,0.001311893,0.002001611,0.655418565,97.64185432
90.34724045,0.126064349,120.2131936,0.253172503,0.001395331,0.002106029,0.662541356,97.54151254
90.30767195,0.120277217,120.2279829,0.23621624,0.00133186,0.001964736,0.67788267,97.44112495
90.28034628,0.117093265,120.2355168,0.218365659,0.001296996,0.001816149,0.714146208,97.30148244
90.19882628,0.122264754,120.226796,0.214866134,0.001355503,0.001787173,0.758461769,97.10055057
90.16536661,0.119395251,120.1999327,0.223191365,0.001324181,0.001856834,0.713138918,96.93879218
90.10584957,0.114414336,120.1652238,0.223015365,0.001269777,0.001855906,0.684181729,96.83824852
90.00861373,0.107063994,120.1127147,0.204668105,0.001189486,0.001703967,0.698068726,96.73768903
89.90844981,0.10826117,120.0366842,0.207693269,0.001204127,0.001730248,0.695927144,96.63710057
89.79435907,0.111713764,119.9466114,0.208633668,0.001244107,0.001739388,0.71525552,96.53651879
89.66600533,0.101899257,119.843701,0.190969592,0.001136431,0.001593489,0.71317184,96.43596539
89.52218004,0.094260678,119.7138466,0.177589006,0.001052931,0.001483446,0.709787288,96.29611096
89.39513386,0.096354216,119.4591409,0.192214492,0.001077846,0.00160904,0.669869344,96.09517024
89.27089277,0.087756827,119.346276,0.191536743,0.00098304,0.001604882,0.612530624,95.9334685
89.20037521,0.085517707,119.2443229,0.186979741,0.000958715,0.001568039,0.611409978,95.83311038
89.03932992,0.094399955,119.14212,0.192865476,0.001060205,0.001618785,0.654938826,95.69336653
88.93315031,0.094394194,119.0683638,0.179428834,0.001061406,0.00150694,0.704345522,95.4924928
88.83738633,0.108199116,118.9543779,0.183036438,0.001217946,0.001538711,0.79153626,95.29166368
88.71754685,0.113924345,118.9189529,0.18322589,0.001284124,0.001540763,0.83343408,95.09084499
88.71929498,0.116331235,118.9241795,0.173177065,0.001311228,0.001456197,0.900446767,94.85066103
88.68966044,0.122812855,118.9022459,0.185125639,0.001384748,0.001556957,0.889394263,94.54934384
88.71330748,0.13421367,118.9153174,0.20516538,0.001512892,0.001725307,0.876883106,94.28731105
88.72171131,0.142282651,118.9110135,0.21311297,0.001603696,0.001792205,0.894817024,94.12575761
88.73030088,0.14997685,118.8956433,0.217664275,0.001690255,0.001830717,0.923274966,94.0253454
88.75714555,0.148141007,118.8835478,0.209061029,0.00166906,0.001758536,0.949118938,93.92485057
88.78724111,0.157265846,118.8526336,0.228190622,0.001771266,0.001919946,0.922560536,93.86372294
88.81456168,0.164751641,118.8362753,0.248135985,0.001855007,0.002088049,0.888392437,93.90308832
88.83869898,0.165772416,118.8470865,0.24397928,0.001865993,0.002052884,0.90896188,94.0034914
88.89064553,0.154260961,118.8409876,0.257394706,0.001735402,0.002165875,0.801247364,94.10391589
88.9384994,0.148590363,118.8165033,0.263973354,0.001670709,0.002221689,0.751999447,94.28310629
88.97852316,0.159103098,118.8066043,0.265386888,0.001788107,0.002233772,0.800487517,94.58435265
89.0339163,0.149620839,118.7929314,0.256205807,0.001680493,0.002156743,0.779180797,94.88564663
89.05687794,0.15305621,118.7710301,0.262187262,0.001718634,0.002207502,0.778542676,95.14760148
89.1141353,0.156175892,118.747305,0.263187367,0.001752538,0.002216365,0.790726181,95.38794506
89.14330339,0.151029527,118.7185757,0.261363671,0.001694233,0.00220154,0.769567281,95.68936297
89.17736776,0.1463494,118.7067776,0.257937311,0.001641105,0.002172895,0.75526202,95.99081441
89.19884224,0.145470225,118.6837768,0.257326777,0.001630853,0.002168171,0.752179112,96.25284708
89.20898836,0.142639666,118.6280367,0.25498481,0.001598938,0.002149448,0.743883166,96.45384373
89.23021838,0.145515749,118.5835122,0.254205139,0.00163079,0.00214368,0.76074311,96.65483379
89.24237025,0.142238526,118.5518298,0.250136443,0.001593845,0.002109933,0.755400795,96.81641289
89.24713909,0.131049205,118.5055373,0.24680992,0.001468386,0.002082687,0.705043836,96.9565012
89.24953837,0.121969517,118.4512721,0.239730946,0.001366612,0.002023878,0.675244342,97.15744149
89.26482715,0.105567677,118.40783,0.226156019,0.001182635,0.001909975,0.61918848,97.35832267
89.25368307,0.10397937,118.3639333,0.232897295,0.001164987,0.001967637,0.592073989,97.51969306
89.24879629,0.103417165,118.3308263,0.232001127,0.001158751,0.001960614,0.591014397,97.62001884
89.23817475,0.093722187,118.283905,0.219217087,0.001050248,0.001853313,0.566686654,97.72034311
89.23597634,0.092946611,118.2414651,0.216309354,0.001041582,0.001829387,0.569361481,97.82068804
89.22330675,0.096234139,118.1974565,0.224969631,0.001078576,0.001903337,0.566676349,97.92104759
89.21821637,0.100694872,118.1649374,0.23352252,0.001128636,0.001976242,0.571101996,98.02138847
89.2171858,0.109256103,118.1262788,0.24092472,0.001224608,0.002039552,0.600429948,98.12174555
89.2166172,0.10940474,118.1038557,0.24206262,0.001226282,0.002049574,0.598310647,98.1826405
89.2165988,0.10696614,118.0848712,0.248943526,0.001198949,0.002108175,0.568714219,98.18262358
89.20924709,0.11223796,118.0655578,0.23401344,0.001258143,0.001982064,0.634764034,98.18260371
90.43065752,0.14567135,123.764389,0.251076801,0.001610862,0.002028668,0.794049493,95.6607339
90.41546134,0.133496283,123.7207772,0.233876538,0.001476476,0.001890358,0.781056505,95.76115172
90.4071571,0.148547169,123.6650671,0.245668078,0.001643091,0.00198656,0.827103531,95.86154805
90.40508442,0.141040139,123.6249017,0.240505022,0.001560091,0.001945442,0.801921177,95.9619523
90.39694104,0.141185116,123.5909464,0.243323003,0.001561835,0.001968777,0.793302224,96.06236749
90.37701956,0.142296994,123.5480809,0.244388267,0.001574482,0.001978082,0.795963885,96.16278805
90.36873785,0.134037108,123.4894242,0.234514333,0.001483224,0.001899064,0.781029086,96.17420345
90.34142018,0.132285347,123.4407689,0.228509899,0.001464282,0.00185117,0.791003537,96.17416584
90.30796965,0.140122709,123.3751718,0.231543231,0.00155161,0.001876741,0.826757469,96.17413918
90.27495062,0.130704647,123.2907094,0.251954646,0.001447851,0.002043582,0.708486777,96.17410971
90.26260896,0.129569995,123.2240957,0.246742881,0.001435478,0.002002391,0.716881824,96.1740704
90.23241502,0.12992662,123.1044172,0.257418759,0.001439911,0.00209106,0.688603145,96.17403675
90.18722783,0.137132331,123.0044317,0.254983977,0.001520529,0.002072966,0.733504342,96.17405784
90.1613775,0.13592558,122.9406052,0.257323888,0.001507581,0.002093075,0.720270952,96.17404404
90.12646825,0.125710729,122.8160844,0.235419234,0.001394826,0.001916844,0.727668033,96.1740328
90.05641002,0.124873493,122.7027786,0.235853093,0.001386614,0.00192215,0.721387235,96.17403552
90.01499472,0.121446965,122.6172556,0.233462371,0.001349186,0.001903993,0.708608743,96.17403105
89.94990538,0.121155914,122.4964423,0.235175042,0.001346927,0.001919852,0.701578309,96.17410068
89.92297695,0.123982255,122.4388092,0.236356851,0.001378761,0.001930408,0.714232741,96.17417141
89.9087285,0.130029146,122.3442065,0.239780097,0.001446235,0.001959881,0.737919743,96.17428168
89.88289985,0.145720936,122.3517241,0.238290977,0.001621231,0.00194759,0.832429328,96.17435891
89.86983867,0.132176094,122.3366032,0.226298746,0.00147075,0.001849804,0.795084379,96.17441223
89.82836172,0.126587981,122.2587845,0.217230623,0.001409221,0.00177681,0.793118387,96.1744262
89.81183091,0.122181971,122.2322712,0.220061637,0.001360422,0.001800356,0.755640312,96.17447385
89.80892693,0.124547093,122.2346605,0.230335266,0.001386801,0.001884369,0.735949515,96.17448904
89.79774952,0.126523516,122.2373843,0.234259859,0.001408983,0.001916434,0.735210958,96.17448987
89.7784004,0.133736237,122.2544366,0.232704644,0.001489626,0.001903445,0.782594539,96.1744917
89.77732009,0.119938092,122.2723668,0.215868537,0.001335951,0.001765473,0.756709993,96.17445349
89.75849537,0.105770118,122.2670006,0.193799134,0.001178386,0.001585049,0.743438162,96.17440758
89.74602286,0.109551926,122.277796,0.191124072,0.001220688,0.001563032,0.780974797,96.17437039
89.72192881,0.101172985,122.243538,0.187797339,0.001127628,0.001536256,0.734010784,96.17433177
89.71936045,0.101835564,122.2359083,0.191481189,0.001135046,0.001566489,0.724579418,96.17432285
89.7140734,0.095867285,122.2062774,0.174432629,0.001068587,0.001427362,0.748644505,96.17433128
89.65903694,0.091605203,122.1695228,0.164432669,0.001021706,0.001345939,0.759103234,96.17434729
89.60881422,0.094287509,122.1337893,0.165360884,0.001052212,0.001353932,0.77715291,96.17434851
89.53503122,0.103697253,122.0635104,0.180164007,0.001158175,0.001475986,0.784679104,96.1743555
89.48186857,0.093859945,122.0265391,0.172061464,0.001048927,0.001410033,0.74390235,96.08504142
89.42488389,0.099659297,121.9685317,0.180769579,0.001114447,0.0014821,0.751937741,95.98462575
89.34332681,0.103777105,121.9010072,0.194923489,0.001161554,0.001599031,0.726411229,95.88425717
89.28164416,0.093990004,121.8435688,0.194412629,0.001052736,0.001595592,0.65977769,95.7838436
89.21490661,0.097748142,121.7837076,0.200394642,0.001095648,0.001645496,0.665846581,95.68344018
89.17971296,0.109636177,121.7374955,0.22204435,0.001229385,0.00182396,0.674019479,95.58302317
89.15677645,0.107935824,121.7125404,0.224082104,0.00121063,0.001841077,0.657566086,95.48262277
89.12186072,0.108910424,121.6786163,0.227535836,0.001222039,0.001869974,0.653506123,95.38220119
89.06210316,0.108682086,121.619987,0.222788199,0.001220296,0.001831839,0.666158828,95.28177343
89.02804889,0.101407438,121.5887833,0.213199064,0.00113905,0.001753444,0.649607715,95.09194407
88.99048767,0.108653525,121.5369507,0.219257299,0.001220957,0.001804038,0.676790897,94.98040703
88.95131285,0.11087389,121.4884291,0.212972412,0.001246456,0.001753026,0.711030923,94.87996167
88.92558625,0.110942277,121.4727076,0.212259651,0.001247586,0.001747386,0.713972697,94.77947648
88.8876757,0.106730693,121.4628508,0.205413009,0.001200737,0.001691159,0.710008103,94.67901988
88.83108709,0.110135461,121.427069,0.208882011,0.00123983,0.001720226,0.720736756,94.48913862
88.81660802,0.102177064,121.4108877,0.192655021,0.001150427,0.001586802,0.724997548,94.2882578
88.76131416,0.097639092,121.4005626,0.192442734,0.001100019,0.001585188,0.693935634,94.08732417
88.73566043,0.102957775,121.3928867,0.194431107,0.001160275,0.001601668,0.724416698,93.88641356
88.67331828,0.103699716,121.4059832,0.189213781,0.001169458,0.001558521,0.7503639,93.68553649
88.58530827,0.098532836,121.3781842,0.167348908,0.001112293,0.00137874,0.806746394,93.57405331
88.53370486,0.118054689,121.2507451,0.179076215,0.001333443,0.001476908,0.902861452,93.38405233
88.50582669,0.13132284,121.1907533,0.179900802,0.001483776,0.001484443,0.99955061,93.18309751
88.44383609,0.138124043,121.1044404,0.188275485,0.001561715,0.001554654,1.004541773,92.98219511
88.39436308,0.150394755,121.0449645,0.215000063,0.001701407,0.0017762,0.957891365,92.78128255
88.36945668,0.156574365,121.0118507,0.208576953,0.001771815,0.001723608,1.027969096,92.66977224
88.37734063,0.167572186,120.9686979,0.234362887,0.001896099,0.001937385,0.978690046,92.47969892
88.37787266,0.167362226,120.942334,0.234904606,0.001893712,0.001942286,0.974991241,92.27872161
88.40937022,0.165922499,120.9457065,0.240335905,0.001876752,0.001987139,0.944449587,92.16731124
88.39729588,0.174598309,120.9068439,0.244674058,0.001975154,0.002023658,0.976031903,92.06678995
88.44094994,0.185047699,120.9533457,0.271216489,0.002092331,0.002242323,0.933108373,91.96629047
88.53336862,0.1548073,121.0536025,0.241725997,0.001748576,0.001996851,0.87566664,92.04490599
88.57204817,0.140863392,121.0958803,0.238587001,0.001590382,0.001970232,0.807205374,92.14540083
88.60546836,0.135359671,121.1496534,0.218495803,0.001527667,0.00180352,0.847047648,92.24587112
88.64086415,0.136879657,121.1506462,0.214070237,0.001544205,0.001766976,0.873925422,92.43589164
88.69086448,0.138576079,121.09386,0.22327863,0.001562462,0.001843848,0.847391971,92.63681067
88.71231806,0.136264557,121.053562,0.221935222,0.001536027,0.001833364,0.837819227,92.92731287
88.7333773,0.138942701,120.9899377,0.230072438,0.001565845,0.001901583,0.823442698,93.31835915
88.78599246,0.137588615,120.9558118,0.232922229,0.001549666,0.00192568,0.804736771,93.63064133
88.81209969,0.130308853,120.8999382,0.232935345,0.001467242,0.001926679,0.761539562,93.93203341
88.82051219,0.138039144,120.7967206,0.244026633,0.001554136,0.002020143,0.769319783,94.23340975
88.83383485,0.145445278,120.7290063,0.249330443,0.001637273,0.002065207,0.792788847,94.44522485
88.83965256,0.143273001,120.5764139,0.249642248,0.001612715,0.002070407,0.778936016,94.64612227
88.84901608,0.14788275,120.4998131,0.254818502,0.001664428,0.00211468,0.7870826,94.84698404
88.86336592,0.138016692,120.4150216,0.237582325,0.001553134,0.001973029,0.787182433,94.95833389
88.87689028,0.144195118,120.364024,0.250685468,0.001622414,0.002082728,0.778985267,95.05881787
88.89753451,0.141653343,120.3247507,0.236219826,0.001593445,0.001963186,0.811662975,95.15928257
88.88910521,0.131437769,120.2742489,0.22695101,0.001478671,0.001886946,0.783632027,95.17014965
88.86306182,0.127084282,120.1910061,0.217992043,0.001430114,0.001813713,0.788500362,95.17016341
88.83959777,0.128521265,120.1435867,0.214005835,0.001446666,0.001781251,0.812163348,95.17016605
88.81586719,0.137308961,120.083205,0.213729423,0.001545996,0.001779844,0.868612906,95.17017732
88.79628303,0.136897569,120.052738,0.209506129,0.001541704,0.001745117,0.883438429,95.17020681
88.82080032,0.149754705,120.0774015,0.223608068,0.001686032,0.001862199,0.90539816,95.17022921
88.83524874,0.137373879,120.0955526,0.219659701,0.001546389,0.001829041,0.845464495,95.25997707
88.85199031,0.125183112,120.1162254,0.225932062,0.001408895,0.001880945,0.749035483,95.36039469
88.85642555,0.117014567,120.1166787,0.215888793,0.001316895,0.001797326,0.732696819,95.46082103
88.84893557,0.131028118,120.1066033,0.220902277,0.001474729,0.001839218,0.801823847,95.56124655
88.85743791,0.135946048,120.1040257,0.231767833,0.001529934,0.001929726,0.792824758,95.66163641
88.8635529,0.130604568,120.1000503,0.236555816,0.00146972,0.001969656,0.746181113,95.76209266
88.85988073,0.125692592,120.0795918,0.241990422,0.001414503,0.00201525,0.701899577,95.86257728
88.8717023,0.123838422,120.0722106,0.24115644,0.001393452,0.002008428,0.693802007,95.96305398
88.87546188,0.122907826,120.0491453,0.228568196,0.001382922,0.001903955,0.726341634,96.06348204
88.90100802,0.125495675,120.0543076,0.246357801,0.001411634,0.002052053,0.687912975,96.1638869
88.90898267,0.134281095,120.043611,0.252445013,0.001510321,0.002102944,0.718193529,96.17461077
88.90090159,0.132900881,120.0264273,0.246736737,0.001494933,0.002055687,0.727218227,96.17464524
88.89447825,0.145812297,120.0098455,0.253514322,0.001640285,0.002112446,0.776486202,96.08487043
107.7968841,0.155610945,145.4540518,0.263140289,0.001443557,0.001809096,0.79794399,97.18047016
107.6982377,0.144263451,145.3035213,0.241658597,0.001339515,0.00166313,0.805418514,97.18039636
107.6549505,0.140319176,145.1732301,0.255826365,0.001303416,0.001762214,0.73964659,97.18042433
107.6216349,0.145325148,145.0910183,0.254810645,0.001350334,0.001756212,0.768889888,97.18052293
107.576077,0.158507481,144.9549746,0.263141396,0.001473445,0.001815332,0.81166723,97.18054178
107.5594024,0.147015819,144.8837041,0.253677587,0.001366834,0.001750905,0.780644185,97.18055465
107.5315254,0.144741422,144.7817697,0.259588892,0.001346037,0.001792967,0.750731784,97.18060877
107.5269728,0.133575707,144.7237922,0.247813897,0.001242253,0.001712323,0.725478155,97.1806176
107.5139655,0.131467018,144.6764467,0.243661395,0.00122279,0.001684182,0.726044166,97.18060737
107.5023468,0.134056115,144.6314519,0.251831796,0.001247006,0.001741197,0.71617782,97.18054464
107.5060245,0.135340517,144.5907164,0.252350056,0.001258911,0.001745271,0.721326739,97.18055941
107.4880186,0.131891786,144.5604949,0.257995286,0.001227037,0.001784687,0.687536167,97.1806494
107.4851109,0.134871354,144.5503041,0.263230141,0.001254791,0.001821028,0.689056448,97.18063542
107.4815763,0.131085505,144.5469152,0.273502932,0.001219609,0.00189214,0.64456614,97.18056864
107.4703723,0.117165457,144.5460086,0.257507301,0.001090212,0.00178149,0.611966141,97.18054453
107.4466396,0.128229814,144.5325286,0.251502157,0.001193428,0.001740108,0.685835658,97.180558
107.3934617,0.132392342,144.5005327,0.255399319,0.001232778,0.001767463,0.697484782,97.18054807
107.3414305,0.140839954,144.458775,0.264120716,0.001312074,0.001828347,0.717628959,97.18054127
107.2557204,0.140178241,144.3828028,0.260089182,0.001306954,0.001801386,0.725526571,97.18053377
107.1875835,0.145141505,144.3250836,0.267425892,0.001354089,0.001852941,0.730778069,97.18054118
107.1396261,0.150366321,144.2789349,0.274610879,0.001403461,0.001903333,0.737370294,97.18057564
107.0879075,0.156223289,144.2263841,0.278266015,0.001458832,0.00192937,0.756118545,97.18057505
106.9782517,0.151521728,144.1062413,0.259433821,0.001416379,0.001800296,0.786747945,97.18060971
106.9186972,0.153880928,144.0315446,0.26143162,0.001439233,0.0018151,0.79292232,97.18063057
106.8691928,0.151916969,143.9639774,0.277367687,0.001421523,0.001926646,0.73782222,97.1806862
106.8324506,0.15937382,143.8434472,0.28396836,0.001491811,0.001974149,0.755673029,97.18074598
106.7744846,0.164317649,143.7428511,0.28368221,0.001538922,0.00197354,0.779777828,97.18076746
106.7451525,0.169005369,143.6833498,0.287110838,0.00158326,0.001998219,0.79233565,97.18078185
106.0904988,0.127370176,142.9103005,0.216240708,0.00120058,0.001513122,0.793445925,97.18079369
106.0398158,0.125129861,142.8557555,0.214634903,0.001180027,0.001502459,0.785397282,97.18078245
105.9742873,0.120428958,142.7477897,0.211583655,0.001136398,0.00148222,0.766686299,97.18077037
105.9383329,0.115807962,142.6996578,0.206236207,0.001093164,0.001445247,0.756385692,97.1807876
105.8684086,0.116314988,142.6058885,0.208731424,0.001098675,0.001463694,0.750617901,97.18077331
105.8316264,0.120528677,142.5401613,0.211455269,0.001138872,0.001483479,0.767703732,97.18078619
105.8086005,0.132920154,142.5105726,0.230144143,0.001256232,0.001614927,0.777887915,97.11951893
105.7663805,0.129176814,142.4816492,0.226400278,0.001221341,0.001588979,0.768632783,97.01892298
105.7165728,0.128012041,142.4028792,0.227781549,0.001210899,0.001599557,0.757021081,96.91836037
105.7079123,0.124114981,142.3748511,0.224542833,0.001174131,0.001577124,0.744476157,96.81774252
105.6947224,0.135211493,142.3586685,0.238767295,0.001279264,0.001677223,0.762727464,96.71716997
105.6629768,0.137220203,142.3427133,0.242060002,0.001298659,0.001700544,0.763672977,96.55538434
105.6315464,0.132475077,142.3289414,0.242144687,0.001254124,0.001701303,0.737155002,96.35436914
105.5974159,0.137537162,142.3158427,0.251153663,0.001302467,0.001764763,0.73804102,96.15334362
105.5352482,0.136237722,142.2787556,0.249302177,0.001290922,0.001752209,0.736739279,95.95235609
105.516354,0.136677642,142.2536853,0.248597724,0.001295322,0.001747566,0.741214793,95.75137404
105.4804193,0.123764528,142.2349675,0.230514318,0.001173341,0.001620659,0.723990408,95.61166533
105.3906163,0.123576136,142.180947,0.229190346,0.001172553,0.001611962,0.727407456,95.44997536
105.384274,0.127051891,142.1835335,0.226124022,0.001205606,0.001590367,0.758067586,95.24911634
105.3538656,0.131162921,142.1889606,0.233092338,0.001244975,0.001639314,0.759448775,95.04829826
105.3048699,0.12734272,142.1785138,0.218849526,0.001209277,0.001539259,0.785622706,94.84743772
105.2637713,0.131741127,142.1507684,0.2201404,0.001251533,0.00154864,0.808149875,94.64646933
105.2330797,0.13845689,142.12591,0.22333939,0.001315716,0.001571419,0.837279047,94.44556267
105.1859542,0.130727776,142.0860787,0.220518817,0.001242825,0.001552009,0.800785126,94.24465063
105.1965402,0.12306895,142.1096334,0.225597287,0.001169895,0.001587488,0.736947731,94.04376353
105.1903315,0.12023133,142.1265355,0.211731221,0.001142988,0.001489737,0.767241514,93.84283163
105.1935778,0.123217981,142.1504945,0.224785628,0.001171345,0.001581321,0.740738123,93.58054862
105.2337465,0.135679293,142.1932705,0.234186308,0.001289314,0.001646958,0.78284554,93.3404132
105.2636632,0.135319944,142.2194082,0.23857287,0.001285533,0.001677499,0.766339378,93.13946062
105.3022353,0.127685888,142.237417,0.228937878,0.001212566,0.001609547,0.753358192,92.93851969
105.3705923,0.149280029,142.2848002,0.256191148,0.001416714,0.001800552,0.786822331,92.73756487
105.403682,0.150933135,142.3477746,0.249397099,0.001431953,0.001752027,0.817312417,92.59792419
105.5095133,0.159053292,142.4330679,0.255550739,0.001507478,0.001794181,0.840203972,92.55885324
105.5550134,0.161192211,142.5196863,0.241525917,0.001527092,0.001694685,0.901106878,92.55884595
105.6641162,0.200953133,142.554257,0.263363301,0.001901811,0.00184746,1.029419026,92.62022525
105.6830818,0.182114421,142.6259776,0.278665817,0.001723213,0.001953822,0.881969983,92.72066759
105.6935183,0.186867724,142.6198456,0.263678797,0.001768015,0.001848823,0.956292376,92.94385687
105.7332302,0.178769153,142.5953929,0.251459899,0.001690757,0.00176345,0.958777513,93.24525785
105.8082184,0.183750955,142.5618428,0.263508225,0.001736642,0.001848378,0.939548772,93.54665215
105.8917593,0.183827779,142.5554424,0.262886107,0.001735997,0.001844097,0.941380381,93.90944064
105.9782176,0.185583097,142.5153789,0.263029743,0.001751144,0.001845624,0.94880874,94.3112487
106.0332536,0.188758177,142.4489263,0.279570206,0.001780179,0.0019626,0.90705157,94.71304988
106.0884784,0.183863653,142.4165851,0.280157566,0.001733116,0.00196717,0.881020222,95.05343059
106.1234495,0.178985106,142.34902,0.276930186,0.001686575,0.001945431,0.866941356,95.35476186
106.1540403,0.176072528,142.338607,0.269044809,0.001658651,0.001890175,0.877512202,95.65622691
106.2099553,0.181295259,142.3039358,0.279096949,0.001706952,0.001961274,0.870328178,95.9576606
106.3065715,0.173092271,142.2762833,0.273313769,0.001628237,0.001921007,0.847595347,96.19771926
106.339411,0.170118519,142.2417835,0.261815933,0.001599769,0.00184064,0.869137444,96.39870224
106.3842728,0.167029432,142.1705172,0.264997662,0.001570058,0.001863942,0.842331569,96.59968784
106.4171176,0.166315948,142.0999112,0.265543141,0.001562868,0.001868707,0.83633664,96.73924741
106.4274776,0.16103296,142.0682943,0.259444644,0.001513077,0.001826197,0.828539971,96.83983821
106.4563493,0.151606447,142.0486869,0.264459799,0.001424118,0.001861755,0.764933465,96.94044491
106.4637068,0.154373346,142.0286276,0.26944584,0.001450009,0.001897123,0.764319855,97.04104473
106.465647,0.148693609,141.9869609,0.272106874,0.001396635,0.001916422,0.728772132,97.14162549
106.4437184,0.149501691,141.9420896,0.270522845,0.001404514,0.001905868,0.736942015,97.11903884
106.432388,0.15665025,141.890409,0.287314842,0.001471829,0.002024907,0.726862502,97.01849195
106.4261575,0.160091943,141.878489,0.301426854,0.001504254,0.002124542,0.708036597,96.91790409
106.4299718,0.166932181,141.9112357,0.298831224,0.00156847,0.002105762,0.744846753,96.81734391
106.4097482,0.153478847,141.9095517,0.289222905,0.001442338,0.002038079,0.707694885,96.71677715
106.4055351,0.143859707,141.9046478,0.274512088,0.001351995,0.001934483,0.69889205,96.61624089
106.3871313,0.151783046,141.8904734,0.279037912,0.001426705,0.001966573,0.725477903,96.51567392
106.3657514,0.144477527,141.8647234,0.247492733,0.001358309,0.001744569,0.778592923,96.41507127
106.3544918,0.140728216,141.8415662,0.240572147,0.0013232,0.001696062,0.78015971,96.31445839
106.356252,0.147480695,141.8282049,0.246479199,0.001386667,0.001737872,0.797911054,96.21389659
106.392527,0.149662361,141.875877,0.256809652,0.0014067,0.001810101,0.777138966,96.17495527
106.4128424,0.139029559,141.9109798,0.242289938,0.001306511,0.001707338,0.765233052,96.17495506
106.4440115,0.129927641,141.9814722,0.233358154,0.00122062,0.001643582,0.74265826,96.17499601
106.4771619,0.142003381,142.0155394,0.25582064,0.001333651,0.001801357,0.740359246,96.17500432
106.5409248,0.153198506,142.1057582,0.272475483,0.001437931,0.001917413,0.749932739,96.17504668
106.5699275,0.163511173,142.1487028,0.280296545,0.001534309,0.001971854,0.778104487,96.17503432
106.6092321,0.156772266,142.208337,0.288590079,0.001470532,0.002029347,0.724632954,96.17501617
106.6403662,0.160516214,142.2466861,0.29044823,0.001505211,0.002041863,0.737175178,96.23678586
106.6887917,0.163688556,142.2909626,0.287154742,0.001534262,0.002018081,0.760257734,96.33741261
121.798,0.144330999,164.184657,0.298944382,0.001185003,0.001820781,0.650821114,95.16957679
122.0997134,0.166020733,164.4195425,0.334004413,0.001359714,0.002031416,0.669343287,95.16959543
122.1356968,0.185746994,164.4492818,0.348844017,0.001520825,0.002121286,0.716935164,95.16960343
122.1786548,0.180911063,164.4671099,0.340341534,0.001480709,0.002069359,0.715539966,95.16956887
122.1911242,0.162964732,164.4753922,0.322901711,0.001333687,0.001963222,0.679335877,95.16957628
122.2008733,0.17361468,164.4881312,0.32726448,0.001420732,0.001989593,0.714081577,95.16959331
122.200098,0.188231819,164.4987241,0.320516281,0.001540357,0.001948442,0.790558341,95.16956858
122.1808742,0.184000845,164.4517252,0.317080015,0.001505971,0.001928104,0.781063157,95.16958124
122.1695751,0.200670701,164.4399587,0.325747202,0.001642559,0.001980949,0.829177614,95.16956897
122.1850316,0.192514228,164.5118822,0.314720502,0.001575596,0.001913056,0.823601373,95.16956219
122.2045469,0.186119211,164.5645782,0.307114084,0.001523014,0.001866222,0.816094525,95.16956492
122.2059066,0.167887802,164.6081145,0.281190339,0.001373811,0.001708241,0.80422541,95.19517651
122.1703082,0.163108555,164.6119219,0.275197592,0.001335092,0.001671796,0.798597099,95.29560386
122.1456788,0.180143246,164.6063845,0.286300658,0.001474823,0.001739305,0.847938212,95.3960464
122.1413829,0.185435054,164.6276972,0.293639111,0.0015182,0.001783656,0.851173327,95.49647526
122.1324184,0.190542955,164.6290476,0.308428638,0.001560134,0.001873476,0.83274821,95.59691011
122.1353912,0.183392149,164.6551433,0.30460261,0.001501548,0.001849943,0.811672611,95.69734829
122.1306038,0.165987978,164.6900445,0.299008312,0.001359102,0.001815582,0.748576545,95.77210993
122.1144348,0.163128759,164.6708887,0.29585526,0.001335868,0.001796646,0.743534393,95.77213416
122.0773865,0.16469585,164.6355355,0.295017181,0.00134911,0.001791941,0.752876435,95.77213769
122.0362698,0.176284506,164.5836951,0.311169427,0.001444526,0.001890646,0.76403826,95.79780159
122.0031904,0.189387803,164.5372696,0.3284441,0.001552318,0.001996168,0.777649039,95.87259009
122.0042663,0.177364116,164.5445163,0.31753371,0.001453753,0.001929774,0.753328357,95.87259252
121.9985896,0.168073618,164.5548254,0.312984178,0.001377669,0.001902005,0.724324172,95.87259558
121.9644754,0.145369801,164.562201,0.28158636,0.001191903,0.001711124,0.696561258,95.84686803
121.9463367,0.140722664,164.550379,0.2749238,0.001153972,0.001670758,0.690687887,95.74641787
121.9156773,0.137652243,164.5431854,0.267043427,0.001129077,0.001622938,0.695699583,95.64598587
121.8898146,0.134167732,164.5420177,0.269001803,0.00110073,0.001634852,0.673290195,95.57124159
121.8859177,0.134371045,164.5476531,0.26327838,0.001102433,0.001600013,0.689014972,95.5712208
121.8606771,0.138241294,164.5906002,0.283652348,0.001134421,0.001723381,0.658253004,95.57122424
121.8398506,0.149242734,164.621307,0.268166973,0.001224909,0.001628993,0.751942435,95.54558873
121.8307883,0.14866838,164.6359789,0.247392618,0.001220286,0.001502664,0.812081412,95.44520313
121.7709633,0.143688296,164.636553,0.246031156,0.001179988,0.00149439,0.789612126,95.34481764
121.6788551,0.154847468,164.6666182,0.262966291,0.001272591,0.001596962,0.796882847,95.24439818
121.6376493,0.150573834,164.6981091,0.26136242,0.001237888,0.001586918,0.780058116,95.16971499
121.5819025,0.144864505,164.7239467,0.25629603,0.001191497,0.001555912,0.765786865,95.16974176
121.471059,0.161406572,164.7353264,0.269304029,0.001328766,0.001634768,0.812816081,95.16975624
121.3613335,0.150087451,164.7322066,0.265176163,0.001236699,0.001609741,0.768259741,95.1697613
121.2813685,0.141887155,164.7217418,0.250986558,0.001169901,0.0015237,0.767802382,95.16979566
121.1934242,0.133227571,164.7010307,0.243063172,0.001099297,0.001475784,0.744890111,95.1439825
121.163244,0.130477777,164.6830799,0.251988173,0.001076876,0.00153014,0.703776044,95.0435422
121.0718386,0.142715233,164.6905601,0.285378619,0.001178765,0.001732817,0.680259269,94.94314774
121.0190964,0.150870031,164.7089386,0.289457112,0.001246663,0.001757386,0.709385028,94.84270684
120.9645937,0.134931177,164.7233483,0.267357127,0.00111546,0.001623068,0.687254247,94.74228673
120.8274273,0.135235048,164.6822222,0.26269145,0.001119241,0.001595142,0.701656433,94.64185901
120.7466534,0.125291113,164.6437589,0.251707505,0.001037636,0.001528801,0.678725668,94.51554481
120.7113801,0.125949348,164.5982407,0.243978622,0.001043392,0.001482267,0.703916463,94.31469023
120.548909,0.141641349,164.5521861,0.264253943,0.00117497,0.001605897,0.731659387,94.11379704
120.4726883,0.139683571,164.5258182,0.269165175,0.001159463,0.001636006,0.70871548,93.88699906
120.311851,0.130050686,164.5149119,0.264189156,0.001080947,0.001605868,0.673123138,93.61147926
120.2169635,0.122530564,164.4891968,0.241947894,0.001019245,0.001470904,0.692937736,93.41051562
120.1719819,0.124636592,164.4698232,0.246309313,0.001037152,0.001497596,0.692544576,93.20951416
120.0980753,0.115410201,164.4614353,0.228520163,0.000960966,0.001389506,0.6915884,93.00855002
119.9308781,0.131709245,164.388617,0.243246409,0.00109821,0.001479703,0.742182229,92.80761577
119.8598277,0.128366523,164.3734081,0.234197137,0.001070972,0.001424787,0.751671543,92.58073315
119.8584834,0.137725382,164.4096425,0.238239766,0.001149067,0.001449062,0.792972704,92.30518982
119.8985255,0.146399795,164.4886354,0.242314695,0.001221031,0.001473139,0.828863031,92.07826395
119.9601422,0.158097994,164.5194254,0.243289906,0.001317921,0.001478791,0.891214987,91.77691144
120.0112075,0.171741811,164.5500512,0.24776047,0.001431048,0.001505685,0.950430223,91.50145479
120.1146684,0.188523205,164.5680015,0.268652394,0.001569527,0.00163247,0.961442794,91.30051225
120.1874886,0.198672334,164.5817942,0.273832178,0.00165302,0.001663806,0.993517327,91.07365307
120.2220579,0.199497461,164.5603898,0.270532239,0.001659408,0.001643969,1.009391157,90.77237006
120.2569141,0.201496439,164.51689,0.277291178,0.00167555,0.001685488,0.994103857,90.47105887
120.3550274,0.208781401,164.4748198,0.260845886,0.001734713,0.001585932,1.093812797,90.16973725
120.3614834,0.212965505,164.4168661,0.274233497,0.001769383,0.001667916,1.060834405,89.92036772
120.4096792,0.213020629,164.3473173,0.278375969,0.001769132,0.001693827,1.044458383,89.84593216
120.4308089,0.209489969,164.3064577,0.288303986,0.001739505,0.001754672,0.991355948,89.87184707
120.451103,0.219470989,164.2052521,0.286302895,0.001822075,0.001743567,1.045027316,89.99828064
120.4711138,0.21639813,164.0779955,0.278170616,0.001796266,0.001695356,1.059521239,90.22518706
120.480394,0.212528704,163.9876118,0.277275213,0.001764011,0.00169083,1.043280786,90.52656058
120.4984713,0.19984919,163.8078339,0.272248036,0.001658521,0.001661996,0.997908602,90.87995328
120.531168,0.205121065,163.7379969,0.282859369,0.001701809,0.001727512,0.985121511,91.40823413
120.570337,0.203249615,163.6819231,0.28637408,0.001685735,0.001749577,0.963510094,92.01089878
120.6209364,0.194785277,163.5842504,0.291826031,0.001614855,0.001783949,0.90521323,92.61356879
120.6351747,0.193646232,163.524027,0.303800099,0.001605222,0.001857832,0.864029869,93.21631147
120.6590083,0.181220066,163.4086637,0.284515375,0.001501919,0.001741128,0.862612746,93.76692693
120.675324,0.181362494,163.3086947,0.282522723,0.001502896,0.001729992,0.868730225,94.16880593
120.7059705,0.18344054,163.2655978,0.293772959,0.00151973,0.001799356,0.844596804,94.54462993
120.7733895,0.179286695,163.2400359,0.298320757,0.001484488,0.001827497,0.812306667,94.8199669
120.8099201,0.181462699,163.2252694,0.30896357,0.001502051,0.001892866,0.793532813,95.04698288
120.8303499,0.172545442,163.2063371,0.298893863,0.001427998,0.001831386,0.779735806,95.32224527
120.8323031,0.171667102,163.179435,0.300214796,0.001420705,0.001839783,0.772213439,95.49703532
120.8139867,0.173004206,163.1303,0.302680842,0.001431988,0.001855454,0.771772231,95.59748
120.7806719,0.168153767,163.0872142,0.307248625,0.001392224,0.001883953,0.738990961,95.6979175
120.7458001,0.158027861,163.040716,0.289774264,0.001308765,0.001777312,0.736373059,95.77227251
120.6992613,0.163081208,162.9864226,0.298232739,0.001351137,0.001829801,0.738406342,95.79838974
120.6810462,0.167240925,162.9628647,0.296726376,0.001385809,0.001820822,0.76108996,95.89880199
120.6246152,0.157473645,162.900409,0.29157548,0.001305485,0.0017899,0.729361968,95.99921353
120.5864206,0.162163437,162.9066615,0.308071286,0.00134479,0.001891091,0.711118796,96.09965151
120.5571809,0.168686313,162.9266566,0.299200979,0.001399222,0.001836415,0.761931446,96.17400917
120.5520603,0.152840685,162.9247127,0.288206795,0.00126784,0.001768957,0.716715975,96.17401444
120.5527969,0.143701909,162.9116277,0.277162112,0.001192025,0.001701303,0.700653779,96.17405224
120.6164306,0.164150672,162.9212187,0.299667663,0.001360931,0.001839341,0.739901591,96.17407264
120.6665418,0.162287868,162.961922,0.295415634,0.001344928,0.001812789,0.741911073,96.17409897
120.745839,0.168431438,163.0217913,0.306726296,0.001394925,0.001881505,0.74138814,96.17414843
120.8198395,0.187691779,163.1065043,0.322100989,0.001553485,0.001974789,0.786658458,96.17415684
120.8465176,0.177602315,163.1766077,0.328270014,0.001469652,0.002011747,0.730535236,96.17416111
120.864335,0.173295739,163.2309873,0.310336959,0.001433804,0.001901214,0.754151891,96.17417974
120.8748727,0.177171398,163.242738,0.299016227,0.001465742,0.001831728,0.800196587,96.17417173
120.89333,0.1764076,163.2679004,0.305913069,0.0014592,0.001873688,0.77878527,96.17413585
120.9172376,0.165247752,163.3083759,0.30551501,0.001366619,0.001870786,0.730505096,96.17413949
